group,kind,layer,query_count,actual_projected_absolute_mse,actual_projected_relative_mse,oracle_projected_absolute_mse,oracle_projected_relative_mse,zero_projected_relative_mse,joint_target_energy,zero_selected_head_fraction
B,query,0,1024,0.14795001585980572,0.9610562781454064,0.1461087203383613,0.9415696432406548,0.9969410718185827,0.14963902018826047,0.00146484375
B,query,1,1024,0.13930670842773907,0.3000618098241148,0.017771132194098982,0.03871722538968925,0.7449996405848651,0.42937509788316675,0.0009765625
B,nonquery,0,1024,0.11968775045118421,0.5683587022035248,0.04099596641660342,0.2693656880181282,0.9306885377322089,0.3587239631219745,0.068359375
B,nonquery,1,1024,0.13606764614552797,0.3533604882608392,0.05996083687773611,0.1692416440899202,0.6284348025524744,0.38621962109027663,0.0791015625
C,query,0,1024,0.037544970984527026,0.9984191178227775,0.03679221295271873,0.9627862038323656,0.9935600715689361,0.037431977532833116,0.09033203125
C,query,1,1024,0.12190521733454318,0.4592724126160874,0.05480572549504359,0.20664499700069427,0.9096005670180602,0.24763604041800136,0.0
C,nonquery,0,1024,0.06992082735780285,0.5614582462483315,0.015437410407734262,0.3602829182364208,0.9157399260090624,0.24013236655548553,0.0771484375
C,nonquery,1,1024,0.2319834361321682,0.8247478566149766,0.2122986261607238,0.7318737686054817,0.878227027162211,0.265478154315133,0.09423828125
D,query,0,1024,0.0004661088197202429,2.851262734842718e-05,1.9041083712274115e-05,1.1590702153401952e-06,0.0005654201028094472,16.42699633166194,0.04345703125
D,query,1,1024,2.0636283329218902e-06,1.483957645151464e-07,9.981189234527568e-07,7.179665041047494e-08,8.859525602784274e-05,13.908677337691188,0.013671875
D,nonquery,0,1024,0.0005084367486909158,3.130373713818458e-05,9.411934335071086e-06,5.777391468436981e-07,0.0003846061258201512,16.2729943562299,0.0966796875
D,nonquery,1,1024,5.535999473524865e-06,3.982299044688809e-07,4.783510281990394e-06,3.441231315473628e-07,0.0001455347628832815,13.905540313571692,0.0693359375
