group,kind,layer,field,query_count,minimum,p01,median,p99,maximum
B,query,0,joint_target_energy,1024,0.006948060356080532,0.008965047346428036,0.11316816508769989,0.4451314198970794,0.5160082578659058
B,query,0,actual_projected_absolute_mse,1024,0.0041945260018110275,0.006082682008855045,0.11035097762942314,0.4425161424279213,0.5109628438949585
B,query,0,oracle_projected_absolute_mse,1024,0.0041945260018110275,0.006081886366009712,0.10905058681964874,0.43902347862720487,0.5061044096946716
B,query,0,actual_projected_relative_mse,1024,0.49979573488235474,0.6523729580640792,0.9825136065483093,1.0981674361228941,1.175157070159912
B,query,0,oracle_projected_relative_mse,1024,0.49957385659217834,0.6327559024095535,0.9677093923091888,1.0288316595554352,1.0556068420410156
B,query,1,joint_target_energy,1024,0.32166212797164917,0.3363510105013847,0.4136222153902054,0.6018566429615021,0.673956036567688
B,query,1,actual_projected_absolute_mse,1024,0.000525949290022254,0.0018579356337431819,0.029125561006367207,0.5780546820163727,0.6335222721099854
B,query,1,oracle_projected_absolute_mse,1024,0.00034429525840096176,0.0014766365918330848,0.011538650374859571,0.09584720551967621,0.20894071459770203
B,query,1,actual_projected_relative_mse,1024,0.0013135605258867145,0.004922338658943772,0.06751071289181709,0.9999208444356917,1.055256724357605
B,query,1,oracle_projected_relative_mse,1024,0.0009349438478238881,0.003906101726461202,0.02765090111643076,0.17586748361587512,0.3477678894996643
B,nonquery,0,joint_target_energy,1024,0.005635750479996204,0.009682540651410818,0.4491688460111618,0.6018519699573517,0.6480430364608765
B,nonquery,0,actual_projected_absolute_mse,1024,0.0,0.0,0.013254929333925247,0.577944754362106,1.2201390266418457
B,nonquery,0,oracle_projected_absolute_mse,1024,0.0,0.0,0.0011639053700491786,0.41670501112937913,0.4806421995162964
B,nonquery,0,actual_projected_relative_mse,1024,0.0,0.0,0.11880048364400864,4.388632626533508,8.915637969970703
B,nonquery,0,oracle_projected_relative_mse,1024,0.0,0.0,0.002418529475107789,1.0174002420902253,1.2751470804214478
B,nonquery,1,joint_target_energy,1024,0.06484894454479218,0.10438326328992843,0.3830109238624573,0.5621111303567886,0.6310547590255737
B,nonquery,1,actual_projected_absolute_mse,1024,0.0,0.0,0.05064098350703716,0.5248714506626129,0.6284255981445312
B,nonquery,1,oracle_projected_absolute_mse,1024,0.0,0.0,0.007145205046981573,0.44282747805118555,0.5880901217460632
B,nonquery,1,actual_projected_relative_mse,1024,0.0,0.0,0.141346774995327,1.0538871991634366,1.3109452724456787
B,nonquery,1,oracle_projected_relative_mse,1024,0.0,0.0,0.02034211903810501,0.9860668224096298,1.0175747871398926
C,query,0,joint_target_energy,1024,0.0016041442286223173,0.002489114587660879,0.020140133798122406,0.20947230249643323,0.39089906215667725
C,query,0,actual_projected_absolute_mse,1024,0.001526227337308228,0.002366976453922689,0.02021743543446064,0.209246289730072,0.39367151260375977
C,query,0,oracle_projected_absolute_mse,1024,0.0013741602888330817,0.002204161938279867,0.019458839669823647,0.2083581244945526,0.39177006483078003
C,query,0,actual_projected_relative_mse,1024,0.7978638410568237,0.8509844481945038,0.9972459971904755,1.1417513406276703,1.2627294063568115
C,query,0,oracle_projected_relative_mse,1024,0.7576528787612915,0.8058455753326416,0.9696226119995117,1.080053652524948,1.1459702253341675
C,query,1,joint_target_energy,1024,0.05992737412452698,0.08438910230994225,0.25482234358787537,0.4529428163170814,0.5151151418685913
C,query,1,actual_projected_absolute_mse,1024,0.0001878925395430997,0.0026509928703308105,0.07254807651042938,0.39910974293947216,0.4961223006248474
C,query,1,oracle_projected_absolute_mse,1024,0.00018789252499118447,0.0021513770101591946,0.04026070050895214,0.23346507549285886,0.3819000720977783
C,query,1,actual_projected_relative_mse,1024,0.0014097566017881036,0.012512050727382302,0.30374398827552795,1.1098900294303893,1.3114020824432373
C,query,1,oracle_projected_relative_mse,1024,0.0014097564853727818,0.011432706462219357,0.17057745158672333,0.6362821269035339,0.8266393542289734
C,nonquery,0,joint_target_energy,1024,0.001761357532814145,0.0027472271863371134,0.2991223931312561,0.518251211643219,0.5683966279029846
C,nonquery,0,actual_projected_absolute_mse,1024,0.0,0.0,0.00772178964689374,0.4342509055137634,0.7924104928970337
C,nonquery,0,oracle_projected_absolute_mse,1024,0.0,0.0,0.003065476892516017,0.1705849716067314,0.26880210638046265
C,nonquery,0,actual_projected_relative_mse,1024,0.0,0.0,0.8912526667118073,1.1846936857700348,6.538644313812256
C,nonquery,0,oracle_projected_relative_mse,1024,0.0,0.0,0.013886506669223309,1.052127366065979,1.1368780136108398
C,nonquery,1,joint_target_energy,1024,0.020835503935813904,0.03078640462830663,0.21879089623689651,0.7859367668628687,1.314490795135498
C,nonquery,1,actual_projected_absolute_mse,1024,0.0,0.0,0.18514904379844666,0.7681345260143277,1.260120153427124
C,nonquery,1,oracle_projected_absolute_mse,1024,0.0,0.0,0.16291849315166473,0.7356591987609863,1.2392892837524414
C,nonquery,1,actual_projected_relative_mse,1024,0.0,0.0,0.9198268353939056,1.4570517456531524,1.8089088201522827
C,nonquery,1,oracle_projected_relative_mse,1024,0.0,0.0,0.845659077167511,1.1435105192661286,1.2617509365081787
D,query,0,joint_target_energy,1024,16.091716766357422,16.152424392700194,16.432889938354492,16.715633449554442,16.811344146728516
D,query,0,actual_projected_absolute_mse,1024,1.6899066679343377e-07,4.300297814552323e-07,0.00017274382116738707,0.0029059879528358576,0.006034255027770996
D,query,0,oracle_projected_absolute_mse,1024,1.6038953276620305e-08,1.458500463513701e-07,6.989341272856109e-06,0.00019454452660284,0.0006298379739746451
D,query,0,actual_projected_relative_mse,1024,1.0360029278899674e-08,2.6254608833653493e-08,1.0435987405799096e-05,0.0001779175893170759,0.00037153231096453965
D,query,0,oracle_projected_relative_mse,1024,9.68183977434478e-10,8.807074580730046e-09,4.2454030335647985e-07,1.183967195174773e-05,3.8310510717565194e-05
D,query,1,joint_target_energy,1024,13.884344100952148,13.888162736892701,13.909067630767822,13.928285560607911,13.93726921081543
D,query,1,actual_projected_absolute_mse,1024,1.4190868480312702e-09,2.480662353310237e-09,7.072833341226215e-07,1.8498337849450745e-05,3.9955368265509605e-05
D,query,1,oracle_projected_absolute_mse,1024,2.110802643784382e-10,1.054562658309166e-09,5.07195121457471e-08,1.5332086022681313e-05,3.970597026636824e-05
D,query,1,actual_projected_relative_mse,1024,1.0197364480601934e-10,1.7826486106709006e-10,5.0844935373106637e-08,1.3306255254974518e-06,2.8751237550750375e-06
D,query,1,oracle_projected_relative_mse,1024,1.5172196832224927e-11,7.582820517326728e-11,3.6454563812071683e-09,1.1036889509341554e-06,2.8576528166013304e-06
D,nonquery,0,joint_target_energy,1024,14.214683532714844,15.931354846954346,16.26756763458252,16.588224639892577,16.740909576416016
D,nonquery,0,actual_projected_absolute_mse,1024,0.0,0.0,0.00022707455354975536,0.0031124543468467884,0.007084832526743412
D,nonquery,0,oracle_projected_absolute_mse,1024,0.0,0.0,2.5165586521325167e-06,0.0001376087125390768,0.000438899383880198
D,nonquery,0,actual_projected_relative_mse,1024,0.0,0.0,1.3969385690870695e-05,0.00019130467859213238,0.00044020090717822313
D,nonquery,0,oracle_projected_relative_mse,1024,0.0,0.0,1.5496929961500427e-07,8.450510231341466e-06,2.6997278837370686e-05
D,nonquery,1,joint_target_energy,1024,13.881708145141602,13.887585124969483,13.904003143310547,13.939731025695801,14.12740707397461
D,nonquery,1,actual_projected_absolute_mse,1024,0.0,0.0,1.659272470533324e-06,4.3635054207697973e-05,6.690432201139629e-05
D,nonquery,1,oracle_projected_absolute_mse,1024,0.0,0.0,6.049637022442766e-07,4.359496488177683e-05,6.102737825131044e-05
D,nonquery,1,actual_projected_relative_mse,1024,0.0,0.0,1.1946040245902623e-07,3.136918619475182e-06,4.8145470827876125e-06
D,nonquery,1,oracle_projected_relative_mse,1024,0.0,0.0,4.351377924649569e-08,3.13534058022924e-06,4.392293703858741e-06
