group,kind,layer,head,query_count,actual_relative_mse,oracle_relative_mse,zero_relative_mse
B,query,0,0,1024,1.0015870102215558,0.9830447771237232,1.0019721697899513
B,query,0,1,1024,0.7035482059291098,0.6368647186609451,0.9271354919765145
B,query,1,0,1024,0.2898649230208623,0.008441923929044966,0.7505298052892613
B,query,1,1,1024,0.4823306500002218,0.23938142368115223,0.9075893427070696
B,nonquery,0,0,1024,0.6118038113873018,0.2878424598606152,0.9477258530609087
B,nonquery,0,1,1024,0.2608007200186926,0.1725929536462012,0.8743777525291989
B,nonquery,1,0,1024,0.32575372042478123,0.16077451824169403,0.5973632469317531
B,nonquery,1,1,1024,0.6110971750050421,0.34494725946875837,0.9784817849295289
C,query,0,0,1024,0.9329735602368601,0.8703368749702349,0.9035347171011381
C,query,0,1,1024,0.9641605466022156,0.9465962133836001,0.964701269287616
C,query,1,0,1024,0.4473539456848812,0.19666762369774915,0.8879848536998907
C,query,1,1,1024,0.45964996310567585,0.2140108659073121,0.892445244222472
C,nonquery,0,0,1024,0.42297721643611896,0.3157500869839598,0.8607716893224868
C,nonquery,0,1,1024,0.5396110705345802,0.3520524457489588,0.8850340495255437
C,nonquery,1,0,1024,0.8125830041602171,0.7311136679539345,0.8614103105282993
C,nonquery,1,1,1024,0.8099426982939804,0.7319237460542354,0.8590636935186922
D,query,0,0,1024,3.234880982469317e-05,4.89932242892302e-06,0.0006588161226362133
D,query,0,1,1024,2.4905013504029905e-05,4.359259476130473e-06,0.00045622021584505734
D,query,1,0,1024,1.882697405572887e-07,1.26730782324877e-07,9.899924990200079e-05
D,query,1,1,1024,2.022887103420197e-07,1.3436793370742283e-07,0.0001064595614901102
D,nonquery,0,0,1024,3.5625055706121206e-05,2.821988404327208e-06,0.0004344509458938661
D,nonquery,0,1,1024,2.6812438130519034e-05,2.513305467837651e-06,0.00034062943020769787
D,nonquery,1,0,1024,4.5543592087178217e-07,4.1729549124383883e-07,0.00015891414366001923
D,nonquery,1,1,1024,5.021353266555784e-07,4.616799145693018e-07,0.00018076683213201494
