comparison,metric,value,lower95,upper95,sample_count
D-C_best,accuracy_pp,-65.13671875,-66.0888671875,-64.12353515625,256
D-C_best,ce_ratio,3.168134581633728,3.080561805891541,3.2609989411494595,256
D-C_last,accuracy_pp,-65.49072265625,-66.4794921875,-64.453125,256
D-C_last,ce_ratio,3.1700485689902256,3.076216326132407,3.265270544131498,256
B_injected-baseline,accuracy_pp,31.4453125,28.61328125,34.377441406249986,256
B_injected-baseline,ce_ratio,0.16976538463328064,0.13599997234290417,0.20896920506467054,256
C_injected-baseline,accuracy_pp,33.984375,31.34765625,36.71875,256
C_injected-baseline,ce_ratio,0.0687936015978462,0.050427597092213276,0.08983945064026042,256
D_injected-baseline,accuracy_pp,0.0,0.0,0.0,256
D_injected-baseline,ce_ratio,1.0000000000671805,0.9999999992610442,1.0000000008062588,256
M_source_head0-baseline,accuracy_pp,36.26708984375,35.36376953125,37.109375,256
M_source_head0-baseline,ce_ratio,0.12901775454158607,0.12405340709281175,0.13434673936558622,256
M_source_head1-baseline,accuracy_pp,36.63330078125,35.75439453125,37.43896484375,256
M_source_head1-baseline,ce_ratio,0.16543931995770286,0.15983623909194156,0.1710666322698811,256
M_source_both-baseline,accuracy_pp,39.3310546875,38.41522216796875,40.1611328125,256
M_source_both-baseline,ce_ratio,0.012323980070947269,0.01116240125764076,0.013680055451795481,256
B_source_head0-baseline,accuracy_pp,32.67822265625,31.6650390625,33.71612548828125,256
B_source_head0-baseline,ce_ratio,0.2468589982642211,0.23914833864058335,0.25454373032229377,256
B_source_head1-baseline,accuracy_pp,30.8837890625,29.8828125,31.93389892578125,256
B_source_head1-baseline,ce_ratio,0.21056362280193663,0.20255107463768032,0.21922222641572686,256
B_source_both-baseline,accuracy_pp,35.65673828125,34.61883544921875,36.68243408203125,256
B_source_both-baseline,ce_ratio,0.07757968728920216,0.07247273246637478,0.0827859530736519,256
C_source_head0-baseline,accuracy_pp,32.31201171875,31.31103515625,33.38623046875,256
C_source_head0-baseline,ce_ratio,0.14489590761844423,0.13588732676159143,0.1538963024702842,256
C_source_head1-baseline,accuracy_pp,32.177734375,31.1767578125,33.203125,256
C_source_head1-baseline,ce_ratio,0.15866431582916599,0.15059846004292746,0.16685373829008107,256
C_source_both-baseline,accuracy_pp,33.65478515625,32.65380859375,34.70458984375,256
C_source_both-baseline,ce_ratio,0.05889372707055125,0.05228069615855578,0.06604309582768665,256
D_source_head0-baseline,accuracy_pp,0.0,0.0,0.0,256
D_source_head0-baseline,ce_ratio,0.999999999193892,0.9999999975817521,1.0000000008061178,256
D_source_head1-baseline,accuracy_pp,0.0,0.0,0.0,256
D_source_head1-baseline,ce_ratio,0.9999999986564868,0.9999999970443205,1.0000000002686904,256
D_source_both-baseline,accuracy_pp,0.0,0.0,0.0,256
D_source_both-baseline,ce_ratio,0.9999999986564868,0.9999999967755785,1.0000000005374023,256
