group,stratum,value,query_count,query_accuracy,query_ce
B,last_any_hit,False,4954,0.3940250302785628,4.073910954415021
B,last_any_hit,True,3238,0.9700432365657814,0.22698927063588686
B,last_both_hit,False,5574,0.45532831001076424,3.6685372765335895
B,last_both_hit,True,2618,0.9759358288770054,0.17903718376347924
B,query_position_bin,128-191,1414,0.5933521923620934,2.7907499872896255
B,query_position_bin,192-255,850,0.58,2.8094234092676027
B,query_position_bin,256-319,650,0.5430769230769231,3.1553752323168403
B,query_position_bin,320-383,485,0.5360824742268041,3.123127568724383
B,query_position_bin,384-447,428,0.5490654205607477,3.058119956195076
B,query_position_bin,448-511,335,0.4835820895522388,3.5240776772555242
B,query_position_bin,64-127,4030,0.6826302729528536,2.116095188986764
B,source_distance_bin,0-63,2605,0.6783109404990403,2.1254274321012128
B,source_distance_bin,128-191,1088,0.5762867647058824,2.8672164914015035
B,source_distance_bin,192-255,719,0.5507649513212796,3.0652638820242215
B,source_distance_bin,256-319,555,0.5387387387387388,3.167895275911501
B,source_distance_bin,320-383,426,0.5305164319248826,3.1316220830981685
B,source_distance_bin,384-447,373,0.5415549597855228,3.1595475356151965
B,source_distance_bin,448-511,150,0.4666666666666667,3.6982257232473543
B,source_distance_bin,64-127,2276,0.6616871704745168,2.298529620933582
C,last_any_hit,False,4398,0.3585720782173715,3.996911729343863
C,last_any_hit,True,3794,0.9931470743278862,0.09119075145088844
C,last_both_hit,False,4538,0.377699427060379,3.885479898975855
C,last_both_hit,True,3654,0.9937055281882868,0.079936429968952
C,query_position_bin,128-191,1414,0.6096181046676096,2.4751407998417077
C,query_position_bin,192-255,850,0.5776470588235294,2.639624733111054
C,query_position_bin,256-319,650,0.5492307692307692,2.8710155960265547
C,query_position_bin,320-383,485,0.5175257731958763,3.071914121926253
C,query_position_bin,384-447,428,0.5420560747663551,2.861167102581038
C,query_position_bin,448-511,335,0.5044776119402985,3.209060483074177
C,query_position_bin,64-127,4030,0.7401985111662531,1.6191593335613854
C,source_distance_bin,0-63,2605,0.7408829174664108,1.6281587222054772
C,source_distance_bin,128-191,1088,0.5900735294117647,2.5766894318133864
C,source_distance_bin,192-255,719,0.5396383866481224,2.882182358651421
C,source_distance_bin,256-319,555,0.527927927927928,2.994262514906927
C,source_distance_bin,320-383,426,0.539906103286385,2.8969920001959015
C,source_distance_bin,384-447,373,0.5254691689008043,3.023457715081815
C,source_distance_bin,448-511,150,0.44,3.7105698888376355
C,source_distance_bin,64-127,2276,0.70298769771529,1.8572255310731178
D,last_any_hit,False,6434,0.0009325458501709667,6.932037634326317
D,last_any_hit,True,1758,0.0017064846416382253,6.931835725174558
D,last_both_hit,False,6549,0.0009161704076958314,6.932079953589609
D,last_both_hit,True,1643,0.0018259281801582471,6.931652908127844
D,query_position_bin,128-191,1414,0.0014144271570014145,6.93276229336373
D,query_position_bin,192-255,850,0.0,6.932247275184182
D,query_position_bin,256-319,650,0.0,6.932712439023532
D,query_position_bin,320-383,485,0.0,6.931064778750705
D,query_position_bin,384-447,428,0.0,6.933413948968192
D,query_position_bin,448-511,335,0.0029850746268656717,6.9310758078276224
D,query_position_bin,64-127,4030,0.001488833746898263,6.931593103858437
D,source_distance_bin,0-63,2605,0.0023032629558541267,6.931214546379338
D,source_distance_bin,128-191,1088,0.001838235294117647,6.932001116959488
D,source_distance_bin,192-255,719,0.0,6.932275563851517
D,source_distance_bin,256-319,555,0.0,6.931999421334481
D,source_distance_bin,320-383,426,0.0,6.931114121781828
D,source_distance_bin,384-447,373,0.0,6.933201849939996
D,source_distance_bin,448-511,150,0.006666666666666667,6.931521209081014
D,source_distance_bin,64-127,2276,0.0,6.9327914494831235
M,last_any_hit,False,5974,0.4608302644794108,3.971040162307581
M,last_any_hit,True,2218,0.9932371505861136,0.09065731161711124
M,last_both_hit,False,6181,0.47694547807798093,3.8595482649440886
M,last_both_hit,True,2011,0.9985082048731975,0.03391547547132314
M,query_position_bin,128-191,1414,0.4349363507779349,3.995524817043283
M,query_position_bin,192-255,850,0.41058823529411764,4.172026882794247
M,query_position_bin,256-319,650,0.4076923076923077,4.164275075113401
M,query_position_bin,320-383,485,0.3958762886597938,4.338037335043101
M,query_position_bin,384-447,428,0.38317757009345793,4.333246902164472
M,query_position_bin,448-511,335,0.3880597014925373,4.268075837497947
M,query_position_bin,64-127,4030,0.8042183622828785,1.6459094092084636
M,source_distance_bin,0-63,2605,0.7758157389635316,1.9051530670932353
M,source_distance_bin,128-191,1088,0.43014705882352944,4.025251461319653
M,source_distance_bin,192-255,719,0.3949930458970793,4.225328061872477
M,source_distance_bin,256-319,555,0.38198198198198197,4.416901447373099
M,source_distance_bin,320-383,426,0.37089201877934275,4.469081012514625
M,source_distance_bin,384-447,373,0.40214477211796246,4.213921910151839
M,source_distance_bin,448-511,150,0.4266666666666667,4.085003284377357
M,source_distance_bin,64-127,2276,0.7025483304042179,2.1985551233944336
