group,seed,checkpoint_sha256,intervention,query_ce,query_accuracy,query_count
M,123,6f31478fe2fcb3652b79dedf196517801e9756ab3e0a4565c9091e5ae8a9b6cd,baseline,2.920418918132782,0.60498046875,8192
M,123,6f31478fe2fcb3652b79dedf196517801e9756ab3e0a4565c9091e5ae8a9b6cd,replay,2.920418918132782,0.60498046875,8192
M,123,6f31478fe2fcb3652b79dedf196517801e9756ab3e0a4565c9091e5ae8a9b6cd,source_head0,0.37678589671850204,0.9676513671875,8192
M,123,6f31478fe2fcb3652b79dedf196517801e9756ab3e0a4565c9091e5ae8a9b6cd,source_head1,0.4831521175801754,0.9713134765625,8192
M,123,6f31478fe2fcb3652b79dedf196517801e9756ab3e0a4565c9091e5ae8a9b6cd,source_both,0.035991183714941144,0.998291015625,8192
B,123,3a5a2d3be0c64d9a980f80ec252aec27ba44cc3a9fc87e8a6ae2b2cbe29db178,baseline,2.553362488746643,0.6217041015625,8192
B,123,3a5a2d3be0c64d9a980f80ec252aec27ba44cc3a9fc87e8a6ae2b2cbe29db178,replay,2.553362488746643,0.6217041015625,8192
B,123,3a5a2d3be0c64d9a980f80ec252aec27ba44cc3a9fc87e8a6ae2b2cbe29db178,source_head0,0.6303205266594887,0.948486328125,8192
B,123,3a5a2d3be0c64d9a980f80ec252aec27ba44cc3a9fc87e8a6ae2b2cbe29db178,source_head1,0.537645261734724,0.9305419921875,8192
B,123,3a5a2d3be0c64d9a980f80ec252aec27ba44cc3a9fc87e8a6ae2b2cbe29db178,source_both,0.19808907061815262,0.978271484375,8192
C,123,0549b432f36d743127a4a214d9c98f9d9098c52ab38528a90deee3bf10fe31b1,baseline,2.1880365908145905,0.6524658203125,8192
C,123,0549b432f36d743127a4a214d9c98f9d9098c52ab38528a90deee3bf10fe31b1,replay,2.1880365908145905,0.6524658203125,8192
C,123,0549b432f36d743127a4a214d9c98f9d9098c52ab38528a90deee3bf10fe31b1,source_head0,0.31703754514455795,0.9755859375,8192
C,123,0549b432f36d743127a4a214d9c98f9d9098c52ab38528a90deee3bf10fe31b1,source_head1,0.3471633195877075,0.9742431640625,8192
C,123,0549b432f36d743127a4a214d9c98f9d9098c52ab38528a90deee3bf10fe31b1,source_both,0.12886162474751472,0.989013671875,8192
D,123,8c3891f695df2a3d2042e27bfbcdcd246c17c0289b1bafa9e7f4fa9523537bb4,baseline,6.9319944977760315,0.0010986328125,8192
D,123,8c3891f695df2a3d2042e27bfbcdcd246c17c0289b1bafa9e7f4fa9523537bb4,replay,6.9319944977760315,0.0010986328125,8192
D,123,8c3891f695df2a3d2042e27bfbcdcd246c17c0289b1bafa9e7f4fa9523537bb4,source_head0,6.9319944977760315,0.0010986328125,8192
D,123,8c3891f695df2a3d2042e27bfbcdcd246c17c0289b1bafa9e7f4fa9523537bb4,source_head1,6.9319944977760315,0.0010986328125,8192
D,123,8c3891f695df2a3d2042e27bfbcdcd246c17c0289b1bafa9e7f4fa9523537bb4,source_both,6.9319944977760315,0.0010986328125,8192
