group,checkpoint_kind,sample_id,query_ce,query_accuracy,query_count
F,best,0,0.0019846209324896336,1.0,32
F,best,1,0.0019925874657928944,1.0,32
F,best,2,0.001670595956966281,1.0,32
F,best,3,0.0022664968855679035,1.0,32
F,best,4,0.001558793941512704,1.0,32
F,best,5,0.0015106906648725271,1.0,32
F,best,6,0.0023699316661804914,1.0,32
F,best,7,0.15437917411327362,0.96875,32
F,best,8,0.0011716546723619103,1.0,32
F,best,9,0.00131325819529593,1.0,32
F,best,10,0.0015921574085950851,1.0,32
F,best,11,0.004466573242098093,1.0,32
F,best,12,0.0018208514666184783,1.0,32
F,best,13,0.02921563759446144,1.0,32
F,best,14,0.0013695853995159268,1.0,32
F,best,15,0.0015212565194815397,1.0,32
F,best,16,0.0014153480296954513,1.0,32
F,best,17,0.0020237360149621964,1.0,32
F,best,18,0.0011534546501934528,1.0,32
F,best,19,0.001435786485671997,1.0,32
F,best,20,0.0010920760687440634,1.0,32
F,best,21,0.11814697086811066,0.96875,32
F,best,22,0.0020533232018351555,1.0,32
F,best,23,0.34536588191986084,0.96875,32
F,best,24,0.0011524169240146875,1.0,32
F,best,25,0.034426331520080566,0.96875,32
F,best,26,0.0010220485273748636,1.0,32
F,best,27,0.001108247903175652,1.0,32
F,best,28,0.0013157392386347055,1.0,32
F,best,29,0.0013164244592189789,1.0,32
F,best,30,0.0017841540975496173,1.0,32
F,best,31,0.03703407943248749,0.96875,32
F,best,32,0.002276651095598936,1.0,32
F,best,33,0.0011678191367536783,1.0,32
F,best,34,0.032887257635593414,0.96875,32
F,best,35,0.0022773207165300846,1.0,32
F,best,36,0.001844167010858655,1.0,32
F,best,37,0.0018606492085382342,1.0,32
F,best,38,0.0022583226673305035,1.0,32
F,best,39,0.00087138288654387,1.0,32
F,best,40,0.001377267180941999,1.0,32
F,best,41,0.00177709199488163,1.0,32
F,best,42,0.00260363332927227,1.0,32
F,best,43,0.0013120579533278942,1.0,32
F,best,44,0.0012164872605353594,1.0,32
F,best,45,0.0016068732365965843,1.0,32
F,best,46,0.0013792888494208455,1.0,32
F,best,47,0.0898454487323761,0.96875,32
F,best,48,0.0015040021389722824,1.0,32
F,best,49,0.0013963925885036588,1.0,32
F,best,50,0.0014531129272654653,1.0,32
F,best,51,0.004000079818069935,1.0,32
F,best,52,0.0015620674239471555,1.0,32
F,best,53,0.0013855888973921537,1.0,32
F,best,54,0.001405887771397829,1.0,32
F,best,55,0.0012843303848057985,1.0,32
F,best,56,0.002131735673174262,1.0,32
F,best,57,0.001265825587324798,1.0,32
F,best,58,0.0014489155728369951,1.0,32
F,best,59,0.001444008550606668,1.0,32
F,best,60,0.0013137644855305552,1.0,32
F,best,61,0.0020402371883392334,1.0,32
F,best,62,0.0019120124634355307,1.0,32
F,best,63,0.001459013787098229,1.0,32
F,best,64,0.0016283460427075624,1.0,32
F,best,65,0.001574606983922422,1.0,32
F,best,66,0.0018860090058296919,1.0,32
F,best,67,0.0011754499282687902,1.0,32
F,best,68,0.0016696660313755274,1.0,32
F,best,69,0.0014021135866641998,1.0,32
F,best,70,0.0013774794060736895,1.0,32
F,best,71,0.0010172311449423432,1.0,32
F,best,72,0.0015566579531878233,1.0,32
F,best,73,0.001882774755358696,1.0,32
F,best,74,0.0013187291333451867,1.0,32
F,best,75,0.001222271821461618,1.0,32
F,best,76,0.001196764293126762,1.0,32
F,best,77,0.0011141295544803143,1.0,32
F,best,78,0.001668956596404314,1.0,32
F,best,79,0.0021382372360676527,1.0,32
F,best,80,0.0013467122334986925,1.0,32
F,best,81,0.001772416289895773,1.0,32
F,best,82,0.0012969098752364516,1.0,32
F,best,83,0.02493150159716606,1.0,32
F,best,84,0.0018345732241868973,1.0,32
F,best,85,0.0015561344334855676,1.0,32
F,best,86,0.0011441423557698727,1.0,32
F,best,87,0.0015431001083925366,1.0,32
F,best,88,0.10414359718561172,0.96875,32
F,best,89,0.0012271292507648468,1.0,32
F,best,90,0.013024876825511456,1.0,32
F,best,91,0.0020660473965108395,1.0,32
F,best,92,0.006268979050219059,1.0,32
F,best,93,0.0027864002622663975,1.0,32
F,best,94,0.0014091816265136003,1.0,32
F,best,95,0.0009798199171200395,1.0,32
F,best,96,0.0013245204463601112,1.0,32
F,best,97,0.001405787654221058,1.0,32
F,best,98,0.0017813037848100066,1.0,32
F,best,99,0.0015043606981635094,1.0,32
F,best,100,0.0015873995143920183,1.0,32
F,best,101,0.08820407092571259,0.96875,32
F,best,102,0.0012170792324468493,1.0,32
F,best,103,0.001452733762562275,1.0,32
F,best,104,0.001876274822279811,1.0,32
F,best,105,0.0014939254615455866,1.0,32
F,best,106,0.0017537367530167103,1.0,32
F,best,107,0.0016077039763331413,1.0,32
F,best,108,0.0014151239302009344,1.0,32
F,best,109,0.001265678321942687,1.0,32
F,best,110,0.0016794258262962103,1.0,32
F,best,111,0.001558117102831602,1.0,32
F,best,112,0.0016203192062675953,1.0,32
F,best,113,0.0009633554145693779,1.0,32
F,best,114,0.0011956378584727645,1.0,32
F,best,115,0.001342511735856533,1.0,32
F,best,116,0.0021797548979520798,1.0,32
F,best,117,0.004516886547207832,1.0,32
F,best,118,0.0013631670735776424,1.0,32
F,best,119,0.0015222819056361914,1.0,32
F,best,120,0.001711790100671351,1.0,32
F,best,121,0.06762266159057617,1.0,32
F,best,122,0.001798782730475068,1.0,32
F,best,123,0.0012380124535411596,1.0,32
F,best,124,0.0016754789976403117,1.0,32
F,best,125,0.0015672794543206692,1.0,32
F,best,126,0.0012022950686514378,1.0,32
F,best,127,0.0013828121591359377,1.0,32
F,best,128,0.0012352224439382553,1.0,32
F,best,129,0.002982017584145069,1.0,32
F,best,130,0.001328740967437625,1.0,32
F,best,131,0.001077263499610126,1.0,32
F,best,132,0.0031256675720214844,1.0,32
F,best,133,0.0021134919952601194,1.0,32
F,best,134,0.001335727283731103,1.0,32
F,best,135,0.211525559425354,0.96875,32
F,best,136,0.0012321448884904385,1.0,32
F,best,137,0.0020280745811760426,1.0,32
F,best,138,0.0020238349679857492,1.0,32
F,best,139,0.0014683797489851713,1.0,32
F,best,140,0.0019402476027607918,1.0,32
F,best,141,0.0013188148150220513,1.0,32
F,best,142,0.0012718818616122007,1.0,32
F,best,143,0.001183036481961608,1.0,32
F,best,144,0.003224917221814394,1.0,32
F,best,145,0.0012831802014261484,1.0,32
F,best,146,0.001138082006946206,1.0,32
F,best,147,0.002531846985220909,1.0,32
F,best,148,0.0012694814940914512,1.0,32
F,best,149,0.0010172051843255758,1.0,32
F,best,150,0.0014540059491991997,1.0,32
F,best,151,0.0014413141179829836,1.0,32
F,best,152,0.0019493504660204053,1.0,32
F,best,153,0.0016080347122624516,1.0,32
F,best,154,0.0014775058953091502,1.0,32
F,best,155,0.0012463814346119761,1.0,32
F,best,156,0.002375934273004532,1.0,32
F,best,157,0.007962539792060852,1.0,32
F,best,158,0.0038183825090527534,1.0,32
F,best,159,0.002034291857853532,1.0,32
F,best,160,0.001025873702019453,1.0,32
F,best,161,0.0037367474287748337,1.0,32
F,best,162,0.001046889228746295,1.0,32
F,best,163,0.0013908210676163435,1.0,32
F,best,164,0.011911616660654545,1.0,32
F,best,165,0.001073839608579874,1.0,32
F,best,166,0.04952189326286316,0.96875,32
F,best,167,0.0010676449164748192,1.0,32
F,best,168,0.0017349737463518977,1.0,32
F,best,169,0.005522940307855606,1.0,32
F,best,170,0.001151710981503129,1.0,32
F,best,171,0.0010869860416278243,1.0,32
F,best,172,0.0014364644885063171,1.0,32
F,best,173,0.0011924358550459146,1.0,32
F,best,174,0.0014652232639491558,1.0,32
F,best,175,0.0016524768434464931,1.0,32
F,best,176,0.001155975740402937,1.0,32
F,best,177,0.0013281239662319422,1.0,32
F,best,178,0.0013183893170207739,1.0,32
F,best,179,0.0014997759135439992,1.0,32
F,best,180,0.0017260669264942408,1.0,32
F,best,181,0.001218658871948719,1.0,32
F,best,182,0.0016497144242748618,1.0,32
F,best,183,0.03432616963982582,0.96875,32
F,best,184,0.001311027561314404,1.0,32
F,best,185,0.0011188907083123922,1.0,32
F,best,186,0.0015029641799628735,1.0,32
F,best,187,0.0009732292965054512,1.0,32
F,best,188,0.0020568794570863247,1.0,32
F,best,189,0.001339157810434699,1.0,32
F,best,190,0.00138332589995116,1.0,32
F,best,191,0.0011765172239392996,1.0,32
F,best,192,0.04999177157878876,0.96875,32
F,best,193,0.0015048164641484618,1.0,32
F,best,194,0.0020965770818293095,1.0,32
F,best,195,0.0017643789760768414,1.0,32
F,best,196,0.0041236840188503265,1.0,32
F,best,197,0.0013875758741050959,1.0,32
F,best,198,0.0015944496262818575,1.0,32
F,best,199,0.0014778280165046453,1.0,32
F,best,200,0.2076198309659958,0.96875,32
F,best,201,0.0018145216163247824,1.0,32
F,best,202,0.0010792795801535249,1.0,32
F,best,203,0.0013543486129492521,1.0,32
F,best,204,0.0017704570200294256,1.0,32
F,best,205,0.0012818420073017478,1.0,32
F,best,206,0.0013394742272794247,1.0,32
F,best,207,0.001299979630857706,1.0,32
F,best,208,0.0014892092440277338,1.0,32
F,best,209,0.0015082450117915869,1.0,32
F,best,210,0.0011063029523938894,1.0,32
F,best,211,0.12708769738674164,0.96875,32
F,best,212,0.0022161181550472975,1.0,32
F,best,213,0.003897383576259017,1.0,32
F,best,214,0.0012230671709403396,1.0,32
F,best,215,0.001670377911068499,1.0,32
F,best,216,0.016659140586853027,1.0,32
F,best,217,0.001354674343019724,1.0,32
F,best,218,0.001797748846001923,1.0,32
F,best,219,0.0022184380795806646,1.0,32
F,best,220,0.001424185698851943,1.0,32
F,best,221,0.0027737184427678585,1.0,32
F,best,222,0.0013986951671540737,1.0,32
F,best,223,0.0012558673042804003,1.0,32
F,best,224,0.011088870465755463,1.0,32
F,best,225,0.002943851053714752,1.0,32
F,best,226,0.0019062173087149858,1.0,32
F,best,227,0.0013628762681037188,1.0,32
F,best,228,0.0021904248278588057,1.0,32
F,best,229,0.0012232228182256222,1.0,32
F,best,230,0.0011591492220759392,1.0,32
F,best,231,0.0013358471915125847,1.0,32
F,best,232,0.004957906901836395,1.0,32
F,best,233,0.005766819231212139,1.0,32
F,best,234,0.001919522532261908,1.0,32
F,best,235,0.0009678096976131201,1.0,32
F,best,236,0.001538494136184454,1.0,32
F,best,237,0.0013791758101433516,1.0,32
F,best,238,0.0014958123210817575,1.0,32
F,best,239,0.0011538108810782433,1.0,32
F,best,240,0.0012122762855142355,1.0,32
F,best,241,0.0015867982292547822,1.0,32
F,best,242,0.0017283419147133827,1.0,32
F,best,243,0.0030845601577311754,1.0,32
F,best,244,0.0017379452474415302,1.0,32
F,best,245,0.00125311897136271,1.0,32
F,best,246,0.0012921913294121623,1.0,32
F,best,247,0.0014436489436775446,1.0,32
F,best,248,0.001210950780659914,1.0,32
F,best,249,0.0014782395446673036,1.0,32
F,best,250,0.0013773390091955662,1.0,32
F,best,251,0.0016803867183625698,1.0,32
F,best,252,0.00147104705683887,1.0,32
F,best,253,0.001296380185522139,1.0,32
F,best,254,0.0011548788752406836,1.0,32
F,best,255,0.0019245229195803404,1.0,32
F,last,0,0.0011714091524481773,1.0,32
F,last,1,0.004486645106226206,1.0,32
F,last,2,0.0013802272733300924,1.0,32
F,last,3,0.0016049396945163608,1.0,32
F,last,4,0.11275148391723633,0.96875,32
F,last,5,0.001584199140779674,1.0,32
F,last,6,0.0011451891623437405,1.0,32
F,last,7,0.002251326572149992,1.0,32
F,last,8,0.0012698208447545767,1.0,32
F,last,9,0.0013409799430519342,1.0,32
F,last,10,0.0011197006097063422,1.0,32
F,last,11,0.0009490040829405189,1.0,32
F,last,12,0.0010741539299488068,1.0,32
F,last,13,0.0020890177693217993,1.0,32
F,last,14,0.0013839039020240307,1.0,32
F,last,15,0.0011275046272203326,1.0,32
F,last,16,0.0015217175241559744,1.0,32
F,last,17,0.05642462521791458,0.96875,32
F,last,18,0.0012493517715483904,1.0,32
F,last,19,0.002608484122902155,1.0,32
F,last,20,0.001456480473279953,1.0,32
F,last,21,0.0009864571038633585,1.0,32
F,last,22,0.003287237137556076,1.0,32
F,last,23,0.0019249027827754617,1.0,32
F,last,24,0.0020942222326993942,1.0,32
F,last,25,0.007131693884730339,1.0,32
F,last,26,0.0010158165823668242,1.0,32
F,last,27,0.0012214775197207928,1.0,32
F,last,28,0.004074958153069019,1.0,32
F,last,29,0.0013729563215747476,1.0,32
F,last,30,0.0012481736484915018,1.0,32
F,last,31,0.0011871950700879097,1.0,32
F,last,32,0.0013797914143651724,1.0,32
F,last,33,0.11501949280500412,0.96875,32
F,last,34,0.0009707964491099119,1.0,32
F,last,35,0.00096289929933846,1.0,32
F,last,36,0.012393807992339134,1.0,32
F,last,37,0.0013593232724815607,1.0,32
F,last,38,0.000871602795086801,1.0,32
F,last,39,0.0010775664122775197,1.0,32
F,last,40,0.001277897972613573,1.0,32
F,last,41,0.0010080714710056782,1.0,32
F,last,42,0.0008762187790125608,1.0,32
F,last,43,0.0010515246540307999,1.0,32
F,last,44,0.000945533043704927,1.0,32
F,last,45,0.0018223619554191828,1.0,32
F,last,46,0.001023070071823895,1.0,32
F,last,47,0.0011728054378181696,1.0,32
F,last,48,0.001507106702774763,1.0,32
F,last,49,0.0012948523508384824,1.0,32
F,last,50,0.0010509949643164873,1.0,32
F,last,51,0.09160686284303665,0.96875,32
F,last,52,0.001087706652469933,1.0,32
F,last,53,0.001516671385616064,1.0,32
F,last,54,0.0009816825622692704,1.0,32
F,last,55,0.0015909667126834393,1.0,32
F,last,56,0.0016145643312484026,1.0,32
F,last,57,0.0022732075303792953,1.0,32
F,last,58,0.0012451132060959935,1.0,32
F,last,59,0.029298851266503334,1.0,32
F,last,60,0.0009266305132769048,1.0,32
F,last,61,0.16883614659309387,0.96875,32
F,last,62,0.0010482219513505697,1.0,32
F,last,63,0.0015794739592820406,1.0,32
F,last,64,0.0023357428144663572,1.0,32
F,last,65,0.0011049690656363964,1.0,32
F,last,66,0.0015701770316809416,1.0,32
F,last,67,0.0034272822085767984,1.0,32
F,last,68,0.0023114020004868507,1.0,32
F,last,69,0.0016416723374277353,1.0,32
F,last,70,0.0010025659576058388,1.0,32
F,last,71,0.0009909134823828936,1.0,32
F,last,72,0.10018408298492432,0.96875,32
F,last,73,0.0007839803583920002,1.0,32
F,last,74,0.0014813453890383244,1.0,32
F,last,75,0.004005080088973045,1.0,32
F,last,76,0.00901299063116312,1.0,32
F,last,77,0.0012873205123469234,1.0,32
F,last,78,0.0009021009900607169,1.0,32
F,last,79,0.0009199092164635658,1.0,32
F,last,80,0.1455487310886383,0.96875,32
F,last,81,0.0010720156133174896,1.0,32
F,last,82,0.0013125338591635227,1.0,32
F,last,83,0.0010172133333981037,1.0,32
F,last,84,0.36227676272392273,0.96875,32
F,last,85,0.001512695336714387,1.0,32
F,last,86,0.002028615679591894,1.0,32
F,last,87,0.0011374910827726126,1.0,32
F,last,88,0.0017684127669781446,1.0,32
F,last,89,0.0030102343298494816,1.0,32
F,last,90,0.001313574961386621,1.0,32
F,last,91,0.0016260745469480753,1.0,32
F,last,92,0.0012312585022300482,1.0,32
F,last,93,0.0033355862833559513,1.0,32
F,last,94,0.0010616203071549535,1.0,32
F,last,95,0.000942261191084981,1.0,32
F,last,96,0.0020798081532120705,1.0,32
F,last,97,0.0013918078038841486,1.0,32
F,last,98,0.0015571736730635166,1.0,32
F,last,99,0.0011127658654004335,1.0,32
F,last,100,0.0016331961378455162,1.0,32
F,last,101,0.002678168937563896,1.0,32
F,last,102,0.0010103011736646295,1.0,32
F,last,103,0.0011905315332114697,1.0,32
F,last,104,0.0012878143461421132,1.0,32
F,last,105,0.0013352562673389912,1.0,32
F,last,106,0.0009715575724840164,1.0,32
F,last,107,0.0011095067020505667,1.0,32
F,last,108,0.001439079293049872,1.0,32
F,last,109,0.0010497478069737554,1.0,32
F,last,110,0.0011063131969422102,1.0,32
F,last,111,0.014511643908917904,1.0,32
F,last,112,0.0010308681521564722,1.0,32
F,last,113,0.0035590981133282185,1.0,32
F,last,114,0.019849563017487526,1.0,32
F,last,115,0.0012143843341618776,1.0,32
F,last,116,0.001982336863875389,1.0,32
F,last,117,0.0012062136083841324,1.0,32
F,last,118,0.002232255879789591,1.0,32
F,last,119,0.0012418978149071336,1.0,32
F,last,120,0.0012217682087793946,1.0,32
F,last,121,0.0010387974325567484,1.0,32
F,last,122,0.0012167488457635045,1.0,32
F,last,123,0.001564241130836308,1.0,32
F,last,124,0.0017070058966055512,1.0,32
F,last,125,0.0010037843603640795,1.0,32
F,last,126,0.0012531947577372193,1.0,32
F,last,127,0.001641618087887764,1.0,32
F,last,128,0.001788039691746235,1.0,32
F,last,129,0.0025785602629184723,1.0,32
F,last,130,0.0013126146513968706,1.0,32
F,last,131,0.012228896841406822,1.0,32
F,last,132,0.1294800490140915,0.96875,32
F,last,133,0.0016700414707884192,1.0,32
F,last,134,0.001605018856935203,1.0,32
F,last,135,0.001603157026693225,1.0,32
F,last,136,0.0018423192668706179,1.0,32
F,last,137,0.001318853348493576,1.0,32
F,last,138,0.017499558627605438,1.0,32
F,last,139,0.01884201541543007,1.0,32
F,last,140,0.024610519409179688,1.0,32
F,last,141,0.0016711658099666238,1.0,32
F,last,142,0.006729220971465111,1.0,32
F,last,143,0.0011713332496583462,1.0,32
F,last,144,0.0009479338186793029,1.0,32
F,last,145,0.005015464499592781,1.0,32
F,last,146,0.0014645613264292479,1.0,32
F,last,147,0.0015488670906051993,1.0,32
F,last,148,0.002660528291016817,1.0,32
F,last,149,0.0596214160323143,0.96875,32
F,last,150,0.0011959676630795002,1.0,32
F,last,151,0.0009707966237328947,1.0,32
F,last,152,0.0014412538148462772,1.0,32
F,last,153,0.0015880168648436666,1.0,32
F,last,154,0.0014710747636854649,1.0,32
F,last,155,0.0010675237281247973,1.0,32
F,last,156,0.0010578345973044634,1.0,32
F,last,157,0.002440021140500903,1.0,32
F,last,158,0.0012379518011584878,1.0,32
F,last,159,0.10580712556838989,0.96875,32
F,last,160,0.0026924386620521545,1.0,32
F,last,161,0.0012645460665225983,1.0,32
F,last,162,0.0018637492321431637,1.0,32
F,last,163,0.00110577791929245,1.0,32
F,last,164,0.00219365069642663,1.0,32
F,last,165,0.0011944950092583895,1.0,32
F,last,166,0.0014658421277999878,1.0,32
F,last,167,0.001787729561328888,1.0,32
F,last,168,0.0016569936415180564,1.0,32
F,last,169,0.0011920458637177944,1.0,32
F,last,170,0.0013010253896936774,1.0,32
F,last,171,0.0007514827884733677,1.0,32
F,last,172,0.001958769280463457,1.0,32
F,last,173,0.0013239679392427206,1.0,32
F,last,174,0.0010101317893713713,1.0,32
F,last,175,0.0010033291764557362,1.0,32
F,last,176,0.0014897367218509316,1.0,32
F,last,177,0.0011104183504357934,1.0,32
F,last,178,0.0010858939494937658,1.0,32
F,last,179,0.0012615994783118367,1.0,32
F,last,180,0.0016722867731004953,1.0,32
F,last,181,0.0062102978117764,1.0,32
F,last,182,0.0011509223841130733,1.0,32
F,last,183,0.00368487648665905,1.0,32
F,last,184,0.0010955422185361385,1.0,32
F,last,185,0.0014744368381798267,1.0,32
F,last,186,0.0007690488127991557,1.0,32
F,last,187,0.0010491394205018878,1.0,32
F,last,188,0.0013604499399662018,1.0,32
F,last,189,0.0013708939077332616,1.0,32
F,last,190,0.0024757999926805496,1.0,32
F,last,191,0.06880319118499756,0.96875,32
F,last,192,0.0009739921661093831,1.0,32
F,last,193,0.0009609311819076538,1.0,32
F,last,194,0.0011731439735740423,1.0,32
F,last,195,0.001128603471443057,1.0,32
F,last,196,0.000976733397692442,1.0,32
F,last,197,0.0011831962037831545,1.0,32
F,last,198,0.0011582645820453763,1.0,32
F,last,199,0.23014265298843384,0.9375,32
F,last,200,0.020176151767373085,1.0,32
F,last,201,0.0011122748255729675,1.0,32
F,last,202,0.0013581258244812489,1.0,32
F,last,203,0.0009386632591485977,1.0,32
F,last,204,0.0010663894936442375,1.0,32
F,last,205,0.003782141488045454,1.0,32
F,last,206,0.0017564808949828148,1.0,32
F,last,207,0.0016403470654040575,1.0,32
F,last,208,0.0011150729842483997,1.0,32
F,last,209,0.001411596778780222,1.0,32
F,last,210,0.001439191517420113,1.0,32
F,last,211,0.0013653486967086792,1.0,32
F,last,212,0.0011130727361887693,1.0,32
F,last,213,0.17401845753192902,0.96875,32
F,last,214,0.0009151221020147204,1.0,32
F,last,215,0.0009529371745884418,1.0,32
F,last,216,0.0016028151148930192,1.0,32
F,last,217,0.0008714688010513783,1.0,32
F,last,218,0.13486087322235107,0.96875,32
F,last,219,0.0011915116338059306,1.0,32
F,last,220,0.001014782814309001,1.0,32
F,last,221,0.18295970559120178,0.96875,32
F,last,222,0.0011024276027455926,1.0,32
F,last,223,0.0011827163398265839,1.0,32
F,last,224,0.001081012887880206,1.0,32
F,last,225,0.0010335566475987434,1.0,32
F,last,226,0.001971451798453927,1.0,32
F,last,227,0.0015750390011817217,1.0,32
F,last,228,0.0012329102028161287,1.0,32
F,last,229,0.001788813853636384,1.0,32
F,last,230,0.0010285654570907354,1.0,32
F,last,231,0.0017100374680012465,1.0,32
F,last,232,0.0009543338674120605,1.0,32
F,last,233,0.0015348640736192465,1.0,32
F,last,234,0.2657102048397064,0.96875,32
F,last,235,0.004545703995972872,1.0,32
F,last,236,0.0011910719331353903,1.0,32
F,last,237,0.0012412216747179627,1.0,32
F,last,238,0.0014490444445982575,1.0,32
F,last,239,0.0013140648370608687,1.0,32
F,last,240,0.012282978743314743,1.0,32
F,last,241,0.0025871468242257833,1.0,32
F,last,242,0.002882722532376647,1.0,32
F,last,243,0.002485229168087244,1.0,32
F,last,244,0.0013462221249938011,1.0,32
F,last,245,0.0011094945948570967,1.0,32
F,last,246,0.0010903156362473965,1.0,32
F,last,247,0.007117416709661484,1.0,32
F,last,248,0.008970052935183048,1.0,32
F,last,249,0.001409211428835988,1.0,32
F,last,250,0.0023265897762030363,1.0,32
F,last,251,0.0009108762023970485,1.0,32
F,last,252,0.001135747879743576,1.0,32
F,last,253,0.001157769002020359,1.0,32
F,last,254,0.01290155854076147,1.0,32
F,last,255,0.010597285814583302,1.0,32
M,best,0,1.8700121641159058,0.71875,32
M,best,1,2.1468005180358887,0.6875,32
M,best,2,2.205972671508789,0.65625,32
M,best,3,3.145347833633423,0.53125,32
M,best,4,2.7303805351257324,0.625,32
M,best,5,2.5649805068969727,0.65625,32
M,best,6,2.9673328399658203,0.5625,32
M,best,7,3.0280072689056396,0.5625,32
M,best,8,2.681300640106201,0.6875,32
M,best,9,3.1213631629943848,0.5625,32
M,best,10,2.4892425537109375,0.625,32
M,best,11,2.8087754249572754,0.65625,32
M,best,12,3.0900349617004395,0.59375,32
M,best,13,3.799556255340576,0.53125,32
M,best,14,2.7867074012756348,0.6875,32
M,best,15,2.566833972930908,0.625,32
M,best,16,3.5023193359375,0.53125,32
M,best,17,2.3857944011688232,0.65625,32
M,best,18,2.682701826095581,0.625,32
M,best,19,2.8630332946777344,0.59375,32
M,best,20,3.0049986839294434,0.65625,32
M,best,21,2.921830892562866,0.59375,32
M,best,22,3.906193256378174,0.53125,32
M,best,23,3.427248477935791,0.53125,32
M,best,24,2.7959418296813965,0.625,32
M,best,25,3.2807388305664062,0.5625,32
M,best,26,3.6403822898864746,0.59375,32
M,best,27,2.4198646545410156,0.6875,32
M,best,28,4.088048458099365,0.4375,32
M,best,29,2.7205748558044434,0.625,32
M,best,30,2.9549224376678467,0.59375,32
M,best,31,3.8595643043518066,0.5625,32
M,best,32,2.921053886413574,0.59375,32
M,best,33,3.2071163654327393,0.5625,32
M,best,34,1.7193145751953125,0.78125,32
M,best,35,2.549712896347046,0.65625,32
M,best,36,2.0964016914367676,0.71875,32
M,best,37,3.4893312454223633,0.53125,32
M,best,38,3.06156587600708,0.59375,32
M,best,39,2.463611125946045,0.65625,32
M,best,40,4.055839538574219,0.46875,32
M,best,41,3.8591065406799316,0.5,32
M,best,42,2.15537691116333,0.6875,32
M,best,43,2.8232204914093018,0.625,32
M,best,44,2.9876437187194824,0.53125,32
M,best,45,3.1070659160614014,0.5625,32
M,best,46,3.9276866912841797,0.5,32
M,best,47,1.653585433959961,0.75,32
M,best,48,2.4496068954467773,0.6875,32
M,best,49,2.714683771133423,0.625,32
M,best,50,2.8217341899871826,0.59375,32
M,best,51,2.654294013977051,0.65625,32
M,best,52,2.2372219562530518,0.65625,32
M,best,53,3.109286069869995,0.5625,32
M,best,54,2.711364269256592,0.625,32
M,best,55,2.1954309940338135,0.6875,32
M,best,56,2.2459802627563477,0.71875,32
M,best,57,2.350811004638672,0.65625,32
M,best,58,3.088658094406128,0.5625,32
M,best,59,3.127749443054199,0.59375,32
M,best,60,2.709383487701416,0.625,32
M,best,61,2.389819622039795,0.6875,32
M,best,62,3.1451468467712402,0.59375,32
M,best,63,3.311816692352295,0.59375,32
M,best,64,3.5540544986724854,0.46875,32
M,best,65,3.154756546020508,0.59375,32
M,best,66,2.579540252685547,0.65625,32
M,best,67,2.244762897491455,0.71875,32
M,best,68,3.2535324096679688,0.5625,32
M,best,69,3.3458123207092285,0.5625,32
M,best,70,2.6542248725891113,0.65625,32
M,best,71,2.9742040634155273,0.59375,32
M,best,72,3.592722177505493,0.53125,32
M,best,73,3.685283899307251,0.53125,32
M,best,74,3.138927459716797,0.59375,32
M,best,75,3.167569637298584,0.625,32
M,best,76,2.7306041717529297,0.625,32
M,best,77,2.1433534622192383,0.71875,32
M,best,78,2.9312596321105957,0.625,32
M,best,79,2.4547042846679688,0.625,32
M,best,80,3.12259578704834,0.53125,32
M,best,81,3.202145576477051,0.59375,32
M,best,82,3.0187487602233887,0.5625,32
M,best,83,2.892343521118164,0.59375,32
M,best,84,3.750288963317871,0.5,32
M,best,85,3.712535858154297,0.5625,32
M,best,86,3.056241035461426,0.5625,32
M,best,87,2.8814549446105957,0.59375,32
M,best,88,2.4958930015563965,0.6875,32
M,best,89,3.7304892539978027,0.46875,32
M,best,90,3.0625290870666504,0.59375,32
M,best,91,2.1025357246398926,0.6875,32
M,best,92,3.9278056621551514,0.5,32
M,best,93,3.0902316570281982,0.59375,32
M,best,94,3.1965339183807373,0.5625,32
M,best,95,3.2167582511901855,0.5625,32
M,best,96,2.9288136959075928,0.59375,32
M,best,97,2.536038398742676,0.65625,32
M,best,98,3.5501227378845215,0.53125,32
M,best,99,3.062317132949829,0.5625,32
M,best,100,3.5490944385528564,0.5,32
M,best,101,3.147670030593872,0.59375,32
M,best,102,3.78914213180542,0.46875,32
M,best,103,3.5485689640045166,0.53125,32
M,best,104,2.7162625789642334,0.625,32
M,best,105,2.648674726486206,0.625,32
M,best,106,2.952672004699707,0.625,32
M,best,107,2.7244338989257812,0.65625,32
M,best,108,2.8404924869537354,0.59375,32
M,best,109,2.648756504058838,0.65625,32
M,best,110,1.6791446208953857,0.75,32
M,best,111,1.3152709007263184,0.8125,32
M,best,112,2.8590402603149414,0.71875,32
M,best,113,3.4873759746551514,0.5625,32
M,best,114,2.6947193145751953,0.625,32
M,best,115,2.8281118869781494,0.625,32
M,best,116,3.1193478107452393,0.53125,32
M,best,117,2.7990241050720215,0.59375,32
M,best,118,2.714778184890747,0.59375,32
M,best,119,2.207819938659668,0.6875,32
M,best,120,3.8472647666931152,0.5,32
M,best,121,2.0020248889923096,0.71875,32
M,best,122,2.333730936050415,0.65625,32
M,best,123,3.983480930328369,0.5,32
M,best,124,2.5128211975097656,0.65625,32
M,best,125,3.0657527446746826,0.59375,32
M,best,126,3.2241649627685547,0.59375,32
M,best,127,3.404892921447754,0.53125,32
M,best,128,2.693350076675415,0.65625,32
M,best,129,3.1986656188964844,0.59375,32
M,best,130,2.753154754638672,0.59375,32
M,best,131,3.516362190246582,0.53125,32
M,best,132,3.857712745666504,0.46875,32
M,best,133,2.393407106399536,0.65625,32
M,best,134,2.9248604774475098,0.5625,32
M,best,135,3.368384599685669,0.53125,32
M,best,136,3.9424808025360107,0.5,32
M,best,137,3.594940185546875,0.53125,32
M,best,138,2.2090892791748047,0.6875,32
M,best,139,2.564816474914551,0.625,32
M,best,140,3.406771183013916,0.53125,32
M,best,141,2.1972122192382812,0.6875,32
M,best,142,3.3704962730407715,0.5625,32
M,best,143,3.0234389305114746,0.59375,32
M,best,144,1.7892744541168213,0.75,32
M,best,145,2.875882148742676,0.625,32
M,best,146,2.8675732612609863,0.65625,32
M,best,147,1.728461742401123,0.78125,32
M,best,148,2.09633731842041,0.71875,32
M,best,149,1.9646873474121094,0.75,32
M,best,150,3.5330264568328857,0.5625,32
M,best,151,3.6876463890075684,0.5625,32
M,best,152,3.9158775806427,0.46875,32
M,best,153,2.8971381187438965,0.59375,32
M,best,154,2.7075624465942383,0.625,32
M,best,155,2.537508487701416,0.59375,32
M,best,156,2.8864316940307617,0.625,32
M,best,157,2.4017832279205322,0.6875,32
M,best,158,3.1548876762390137,0.59375,32
M,best,159,4.4217987060546875,0.53125,32
M,best,160,3.0623459815979004,0.5625,32
M,best,161,2.618753671646118,0.625,32
M,best,162,3.4706196784973145,0.53125,32
M,best,163,2.1015548706054688,0.71875,32
M,best,164,3.1599864959716797,0.5625,32
M,best,165,2.4347472190856934,0.65625,32
M,best,166,3.269749164581299,0.59375,32
M,best,167,3.1939268112182617,0.53125,32
M,best,168,2.5469160079956055,0.65625,32
M,best,169,2.8020429611206055,0.5625,32
M,best,170,2.716607093811035,0.625,32
M,best,171,3.695812225341797,0.5,32
M,best,172,3.262322425842285,0.5625,32
M,best,173,3.092156171798706,0.625,32
M,best,174,3.3849549293518066,0.5625,32
M,best,175,3.5833592414855957,0.46875,32
M,best,176,3.2490358352661133,0.5625,32
M,best,177,2.62302565574646,0.625,32
M,best,178,2.4481112957000732,0.65625,32
M,best,179,2.297638177871704,0.65625,32
M,best,180,2.6375644207000732,0.6875,32
M,best,181,3.305459499359131,0.5625,32
M,best,182,2.798642158508301,0.625,32
M,best,183,3.0786900520324707,0.5625,32
M,best,184,2.6045985221862793,0.625,32
M,best,185,3.6211793422698975,0.5,32
M,best,186,2.0784714221954346,0.75,32
M,best,187,3.108619451522827,0.53125,32
M,best,188,3.029092311859131,0.5625,32
M,best,189,2.9587807655334473,0.53125,32
M,best,190,3.5821616649627686,0.5625,32
M,best,191,2.890310287475586,0.59375,32
M,best,192,2.6537723541259766,0.59375,32
M,best,193,2.0216073989868164,0.6875,32
M,best,194,2.2866218090057373,0.6875,32
M,best,195,3.835916519165039,0.46875,32
M,best,196,2.679636001586914,0.65625,32
M,best,197,2.8827595710754395,0.625,32
M,best,198,3.3037338256835938,0.53125,32
M,best,199,2.4752607345581055,0.65625,32
M,best,200,2.251399517059326,0.6875,32
M,best,201,2.649552583694458,0.625,32
M,best,202,3.2200984954833984,0.5625,32
M,best,203,3.090381383895874,0.59375,32
M,best,204,3.28715181350708,0.5625,32
M,best,205,1.6436283588409424,0.75,32
M,best,206,2.399608612060547,0.65625,32
M,best,207,3.403552770614624,0.53125,32
M,best,208,3.1727845668792725,0.5625,32
M,best,209,2.461508274078369,0.65625,32
M,best,210,2.442333698272705,0.65625,32
M,best,211,2.818530559539795,0.59375,32
M,best,212,3.6577253341674805,0.53125,32
M,best,213,2.21942138671875,0.6875,32
M,best,214,3.2266592979431152,0.5625,32
M,best,215,2.604494571685791,0.65625,32
M,best,216,3.548114061355591,0.5,32
M,best,217,2.6719279289245605,0.65625,32
M,best,218,1.3977620601654053,0.8125,32
M,best,219,3.112154483795166,0.59375,32
M,best,220,2.9633917808532715,0.59375,32
M,best,221,3.0364460945129395,0.59375,32
M,best,222,3.516327381134033,0.59375,32
M,best,223,2.8509252071380615,0.5625,32
M,best,224,2.8641915321350098,0.5625,32
M,best,225,2.113976001739502,0.75,32
M,best,226,3.1436386108398438,0.5625,32
M,best,227,2.8012478351593018,0.625,32
M,best,228,2.9120993614196777,0.59375,32
M,best,229,1.9059321880340576,0.71875,32
M,best,230,3.4554646015167236,0.5625,32
M,best,231,3.0263864994049072,0.625,32
M,best,232,3.48874568939209,0.5,32
M,best,233,3.211552858352661,0.53125,32
M,best,234,2.6340737342834473,0.625,32
M,best,235,3.4426441192626953,0.53125,32
M,best,236,2.5323827266693115,0.65625,32
M,best,237,3.9414103031158447,0.5,32
M,best,238,2.3189244270324707,0.6875,32
M,best,239,2.8748528957366943,0.5625,32
M,best,240,3.329806327819824,0.5625,32
M,best,241,3.315614938735962,0.53125,32
M,best,242,3.264223098754883,0.5625,32
M,best,243,2.081010103225708,0.6875,32
M,best,244,2.5766468048095703,0.625,32
M,best,245,3.454242706298828,0.5625,32
M,best,246,3.4404072761535645,0.53125,32
M,best,247,3.0276126861572266,0.5625,32
M,best,248,2.3652517795562744,0.6875,32
M,best,249,2.404773473739624,0.6875,32
M,best,250,3.398298978805542,0.5625,32
M,best,251,3.605170726776123,0.53125,32
M,best,252,3.2213077545166016,0.625,32
M,best,253,2.156559467315674,0.75,32
M,best,254,3.1872353553771973,0.59375,32
M,best,255,2.57442045211792,0.625,32
M,last,0,2.532005786895752,0.65625,32
M,last,1,2.541419744491577,0.625,32
M,last,2,3.0911858081817627,0.5625,32
M,last,3,3.589238166809082,0.5,32
M,last,4,3.7854909896850586,0.46875,32
M,last,5,3.158207416534424,0.53125,32
M,last,6,3.5211400985717773,0.53125,32
M,last,7,3.76906681060791,0.46875,32
M,last,8,2.4530375003814697,0.65625,32
M,last,9,2.541548728942871,0.625,32
M,last,10,2.666961193084717,0.65625,32
M,last,11,3.225794792175293,0.5625,32
M,last,12,3.087310791015625,0.59375,32
M,last,13,3.5294692516326904,0.53125,32
M,last,14,3.6794562339782715,0.53125,32
M,last,15,2.72815203666687,0.59375,32
M,last,16,2.7408111095428467,0.625,32
M,last,17,3.485865831375122,0.5,32
M,last,18,3.681741237640381,0.5,32
M,last,19,2.588484764099121,0.625,32
M,last,20,2.0768094062805176,0.6875,32
M,last,21,3.214846134185791,0.53125,32
M,last,22,3.673626184463501,0.5,32
M,last,23,3.759911298751831,0.4375,32
M,last,24,3.099245071411133,0.5625,32
M,last,25,2.920255184173584,0.59375,32
M,last,26,2.915679931640625,0.65625,32
M,last,27,2.667116641998291,0.625,32
M,last,28,3.4653937816619873,0.5625,32
M,last,29,2.4939510822296143,0.625,32
M,last,30,2.8187646865844727,0.59375,32
M,last,31,3.5057461261749268,0.5,32
M,last,32,3.032069206237793,0.59375,32
M,last,33,2.9317100048065186,0.59375,32
M,last,34,2.7054169178009033,0.625,32
M,last,35,2.5314102172851562,0.625,32
M,last,36,2.7209181785583496,0.59375,32
M,last,37,3.7162234783172607,0.5,32
M,last,38,3.321528911590576,0.5,32
M,last,39,3.489962577819824,0.5625,32
M,last,40,3.832253932952881,0.46875,32
M,last,41,3.7434744834899902,0.4375,32
M,last,42,2.5662617683410645,0.625,32
M,last,43,3.755876302719116,0.5,32
M,last,44,4.3278656005859375,0.40625,32
M,last,45,3.240267753601074,0.5,32
M,last,46,4.0366621017456055,0.40625,32
M,last,47,2.0957281589508057,0.6875,32
M,last,48,2.9894015789031982,0.59375,32
M,last,49,3.084855556488037,0.59375,32
M,last,50,3.374587059020996,0.5625,32
M,last,51,3.1474709510803223,0.59375,32
M,last,52,1.8980441093444824,0.71875,32
M,last,53,4.0678486824035645,0.46875,32
M,last,54,2.857959747314453,0.5625,32
M,last,55,2.86196231842041,0.625,32
M,last,56,3.179628849029541,0.5625,32
M,last,57,3.46159029006958,0.59375,32
M,last,58,3.6566147804260254,0.5,32
M,last,59,3.0857975482940674,0.59375,32
M,last,60,2.8317840099334717,0.59375,32
M,last,61,2.524142026901245,0.65625,32
M,last,62,3.5041191577911377,0.5,32
M,last,63,4.047988414764404,0.46875,32
M,last,64,3.434755802154541,0.53125,32
M,last,65,3.328190803527832,0.5625,32
M,last,66,2.5813677310943604,0.625,32
M,last,67,2.576326847076416,0.59375,32
M,last,68,3.723386764526367,0.5,32
M,last,69,3.4702155590057373,0.46875,32
M,last,70,2.7885942459106445,0.59375,32
M,last,71,2.8538243770599365,0.625,32
M,last,72,4.374354362487793,0.40625,32
M,last,73,3.130669593811035,0.5625,32
M,last,74,3.91817569732666,0.53125,32
M,last,75,3.7771081924438477,0.46875,32
M,last,76,3.0894956588745117,0.625,32
M,last,77,3.567852735519409,0.5625,32
M,last,78,3.407724142074585,0.53125,32
M,last,79,2.6976938247680664,0.625,32
M,last,80,3.2111575603485107,0.5625,32
M,last,81,2.9571783542633057,0.5625,32
M,last,82,3.0802841186523438,0.5625,32
M,last,83,3.5947117805480957,0.53125,32
M,last,84,4.094318389892578,0.40625,32
M,last,85,3.4780330657958984,0.53125,32
M,last,86,3.3773157596588135,0.53125,32
M,last,87,2.8228135108947754,0.59375,32
M,last,88,3.53021502494812,0.5,32
M,last,89,3.906435012817383,0.4375,32
M,last,90,4.0716681480407715,0.4375,32
M,last,91,3.1729378700256348,0.5625,32
M,last,92,3.8182475566864014,0.46875,32
M,last,93,3.473649024963379,0.53125,32
M,last,94,3.1482367515563965,0.5625,32
M,last,95,2.62248158454895,0.625,32
M,last,96,3.7840323448181152,0.46875,32
M,last,97,2.9812750816345215,0.5625,32
M,last,98,3.9228122234344482,0.46875,32
M,last,99,3.144926071166992,0.5625,32
M,last,100,4.015543460845947,0.46875,32
M,last,101,3.235971212387085,0.5625,32
M,last,102,3.4214718341827393,0.5,32
M,last,103,3.1379284858703613,0.53125,32
M,last,104,3.136798858642578,0.53125,32
M,last,105,3.7002177238464355,0.53125,32
M,last,106,2.9377341270446777,0.59375,32
M,last,107,3.444582462310791,0.59375,32
M,last,108,2.9604878425598145,0.5625,32
M,last,109,2.8159356117248535,0.59375,32
M,last,110,2.519960880279541,0.6875,32
M,last,111,2.478701114654541,0.6875,32
M,last,112,3.018674612045288,0.5625,32
M,last,113,3.1414806842803955,0.5625,32
M,last,114,2.8496947288513184,0.625,32
M,last,115,2.850086212158203,0.625,32
M,last,116,3.296186923980713,0.53125,32
M,last,117,3.420372724533081,0.53125,32
M,last,118,2.4504616260528564,0.6875,32
M,last,119,2.619171142578125,0.625,32
M,last,120,3.7057945728302,0.46875,32
M,last,121,2.7169528007507324,0.65625,32
M,last,122,2.130824565887451,0.71875,32
M,last,123,3.387256145477295,0.53125,32
M,last,124,4.277897834777832,0.46875,32
M,last,125,3.1207828521728516,0.5625,32
M,last,126,3.147345542907715,0.53125,32
M,last,127,4.203469276428223,0.4375,32
M,last,128,2.591912269592285,0.625,32
M,last,129,3.270907163619995,0.53125,32
M,last,130,2.8560380935668945,0.59375,32
M,last,131,2.8549118041992188,0.59375,32
M,last,132,2.5523102283477783,0.625,32
M,last,133,3.2105326652526855,0.59375,32
M,last,134,2.8734567165374756,0.59375,32
M,last,135,3.5462732315063477,0.5,32
M,last,136,4.532979965209961,0.4375,32
M,last,137,3.7612199783325195,0.53125,32
M,last,138,3.29872465133667,0.53125,32
M,last,139,3.812091112136841,0.5,32
M,last,140,2.8368382453918457,0.59375,32
M,last,141,2.7700793743133545,0.59375,32
M,last,142,3.2734222412109375,0.53125,32
M,last,143,3.314527988433838,0.53125,32
M,last,144,3.076300621032715,0.59375,32
M,last,145,2.3135406970977783,0.65625,32
M,last,146,2.911207914352417,0.625,32
M,last,147,2.6585352420806885,0.625,32
M,last,148,3.145475149154663,0.59375,32
M,last,149,2.331793785095215,0.65625,32
M,last,150,3.1522998809814453,0.53125,32
M,last,151,2.3281188011169434,0.6875,32
M,last,152,2.9704208374023438,0.625,32
M,last,153,2.560746669769287,0.65625,32
M,last,154,2.9372899532318115,0.59375,32
M,last,155,3.7491722106933594,0.5,32
M,last,156,3.171229600906372,0.53125,32
M,last,157,2.884100914001465,0.5625,32
M,last,158,3.3045730590820312,0.59375,32
M,last,159,3.638162612915039,0.46875,32
M,last,160,2.8242931365966797,0.59375,32
M,last,161,3.237870216369629,0.5625,32
M,last,162,3.352388381958008,0.53125,32
M,last,163,2.382122755050659,0.65625,32
M,last,164,3.280893325805664,0.53125,32
M,last,165,2.041980504989624,0.71875,32
M,last,166,2.260373592376709,0.65625,32
M,last,167,2.939119577407837,0.5625,32
M,last,168,2.7194769382476807,0.625,32
M,last,169,3.369987726211548,0.53125,32
M,last,170,2.4519119262695312,0.65625,32
M,last,171,3.705831289291382,0.46875,32
M,last,172,2.746184825897217,0.625,32
M,last,173,3.2250609397888184,0.53125,32
M,last,174,3.5265543460845947,0.5,32
M,last,175,3.2532384395599365,0.5625,32
M,last,176,4.19692325592041,0.40625,32
M,last,177,3.4012672901153564,0.53125,32
M,last,178,3.363927125930786,0.5625,32
M,last,179,3.179774284362793,0.5625,32
M,last,180,3.083983898162842,0.59375,32
M,last,181,3.4537315368652344,0.5,32
M,last,182,2.9504587650299072,0.5625,32
M,last,183,3.144899368286133,0.5625,32
M,last,184,3.0542664527893066,0.5625,32
M,last,185,2.8187789916992188,0.5625,32
M,last,186,2.1996572017669678,0.71875,32
M,last,187,3.8308255672454834,0.5,32
M,last,188,2.196942090988159,0.65625,32
M,last,189,2.9912972450256348,0.5625,32
M,last,190,2.445432186126709,0.6875,32
M,last,191,3.517911911010742,0.5,32
M,last,192,2.6156845092773438,0.625,32
M,last,193,2.4463558197021484,0.65625,32
M,last,194,3.0167970657348633,0.5625,32
M,last,195,3.950167179107666,0.40625,32
M,last,196,2.8038136959075928,0.59375,32
M,last,197,3.1278934478759766,0.5625,32
M,last,198,3.575705051422119,0.53125,32
M,last,199,2.4931693077087402,0.65625,32
M,last,200,2.9837963581085205,0.5625,32
M,last,201,3.498145580291748,0.5,32
M,last,202,3.1179566383361816,0.5625,32
M,last,203,3.313751697540283,0.53125,32
M,last,204,3.347585678100586,0.53125,32
M,last,205,3.0415685176849365,0.625,32
M,last,206,2.3159878253936768,0.65625,32
M,last,207,3.7185378074645996,0.53125,32
M,last,208,3.8049473762512207,0.5,32
M,last,209,3.0045337677001953,0.59375,32
M,last,210,3.665109634399414,0.46875,32
M,last,211,2.4035935401916504,0.65625,32
M,last,212,2.8376636505126953,0.5625,32
M,last,213,3.0783872604370117,0.59375,32
M,last,214,3.8131356239318848,0.46875,32
M,last,215,3.5174334049224854,0.53125,32
M,last,216,2.891630172729492,0.59375,32
M,last,217,3.40362548828125,0.59375,32
M,last,218,2.473325729370117,0.65625,32
M,last,219,3.0491504669189453,0.59375,32
M,last,220,3.040316581726074,0.59375,32
M,last,221,3.0931341648101807,0.5625,32
M,last,222,2.789170503616333,0.59375,32
M,last,223,3.1742477416992188,0.5625,32
M,last,224,4.384444236755371,0.40625,32
M,last,225,2.683931827545166,0.59375,32
M,last,226,3.7012267112731934,0.5,32
M,last,227,2.5482120513916016,0.625,32
M,last,228,3.5706114768981934,0.5,32
M,last,229,2.763922691345215,0.625,32
M,last,230,2.5642714500427246,0.625,32
M,last,231,2.9053640365600586,0.59375,32
M,last,232,3.2696681022644043,0.5,32
M,last,233,3.456057071685791,0.5625,32
M,last,234,3.6521947383880615,0.46875,32
M,last,235,3.9234724044799805,0.5,32
M,last,236,3.028179168701172,0.625,32
M,last,237,3.3894410133361816,0.53125,32
M,last,238,2.6575069427490234,0.59375,32
M,last,239,3.7245919704437256,0.46875,32
M,last,240,3.9282965660095215,0.5,32
M,last,241,4.05879545211792,0.46875,32
M,last,242,3.2118682861328125,0.53125,32
M,last,243,2.620540142059326,0.65625,32
M,last,244,3.6449687480926514,0.5,32
M,last,245,2.6872878074645996,0.625,32
M,last,246,2.556511402130127,0.65625,32
M,last,247,2.893559694290161,0.5625,32
M,last,248,3.035435438156128,0.59375,32
M,last,249,3.727830171585083,0.5,32
M,last,250,3.7460875511169434,0.53125,32
M,last,251,3.1567063331604004,0.5625,32
M,last,252,3.220242738723755,0.59375,32
M,last,253,2.4345858097076416,0.6875,32
M,last,254,3.4568097591400146,0.53125,32
M,last,255,3.2284674644470215,0.53125,32
B,best,0,2.1174185276031494,0.6875,32
B,best,1,2.563678503036499,0.5625,32
B,best,2,2.4992568492889404,0.625,32
B,best,3,1.8809324502944946,0.6875,32
B,best,4,3.5674896240234375,0.5,32
B,best,5,2.5579395294189453,0.625,32
B,best,6,1.8431726694107056,0.75,32
B,best,7,3.6720614433288574,0.46875,32
B,best,8,3.1462368965148926,0.5,32
B,best,9,2.935028076171875,0.59375,32
B,best,10,2.9644775390625,0.53125,32
B,best,11,1.9953477382659912,0.65625,32
B,best,12,2.3039278984069824,0.65625,32
B,best,13,3.1460442543029785,0.53125,32
B,best,14,2.88724946975708,0.53125,32
B,best,15,2.953460693359375,0.53125,32
B,best,16,2.219244956970215,0.65625,32
B,best,17,2.9723615646362305,0.625,32
B,best,18,3.551515579223633,0.53125,32
B,best,19,1.9866738319396973,0.6875,32
B,best,20,2.544127941131592,0.625,32
B,best,21,2.8527371883392334,0.59375,32
B,best,22,3.126523494720459,0.59375,32
B,best,23,3.0279183387756348,0.53125,32
B,best,24,1.7180317640304565,0.75,32
B,best,25,3.1405370235443115,0.5625,32
B,best,26,2.859165668487549,0.53125,32
B,best,27,2.3155910968780518,0.625,32
B,best,28,2.2151639461517334,0.6875,32
B,best,29,3.887862205505371,0.40625,32
B,best,30,2.9931769371032715,0.53125,32
B,best,31,2.0976901054382324,0.65625,32
B,best,32,3.859361171722412,0.46875,32
B,best,33,2.388396739959717,0.65625,32
B,best,34,3.3637657165527344,0.5625,32
B,best,35,3.0127320289611816,0.53125,32
B,best,36,2.879916191101074,0.625,32
B,best,37,1.9012210369110107,0.71875,32
B,best,38,2.0629448890686035,0.6875,32
B,best,39,2.5728628635406494,0.625,32
B,best,40,3.7115578651428223,0.4375,32
B,best,41,2.3531100749969482,0.59375,32
B,best,42,2.2513365745544434,0.71875,32
B,best,43,2.9611237049102783,0.5625,32
B,best,44,1.829681634902954,0.78125,32
B,best,45,2.5161261558532715,0.625,32
B,best,46,2.6415653228759766,0.59375,32
B,best,47,3.020561456680298,0.53125,32
B,best,48,2.5629611015319824,0.65625,32
B,best,49,2.514326810836792,0.59375,32
B,best,50,3.0132734775543213,0.5625,32
B,best,51,2.4055213928222656,0.625,32
B,best,52,2.426046371459961,0.6875,32
B,best,53,1.6003692150115967,0.75,32
B,best,54,2.882018566131592,0.5625,32
B,best,55,2.001432180404663,0.6875,32
B,best,56,3.381216526031494,0.5,32
B,best,57,2.282083749771118,0.71875,32
B,best,58,2.90975022315979,0.5625,32
B,best,59,2.2487635612487793,0.65625,32
B,best,60,2.114935874938965,0.6875,32
B,best,61,2.184957981109619,0.6875,32
B,best,62,2.753919839859009,0.59375,32
B,best,63,2.5253214836120605,0.625,32
B,best,64,2.048497438430786,0.71875,32
B,best,65,1.8124241828918457,0.71875,32
B,best,66,1.4599778652191162,0.78125,32
B,best,67,2.400327682495117,0.65625,32
B,best,68,2.7037265300750732,0.59375,32
B,best,69,2.8781914710998535,0.5625,32
B,best,70,3.6052074432373047,0.46875,32
B,best,71,3.214709758758545,0.5,32
B,best,72,2.949985980987549,0.53125,32
B,best,73,2.8754711151123047,0.625,32
B,best,74,2.8382034301757812,0.5625,32
B,best,75,3.060044765472412,0.5,32
B,best,76,2.2611942291259766,0.71875,32
B,best,77,2.7810652256011963,0.5625,32
B,best,78,2.134439468383789,0.65625,32
B,best,79,2.2278103828430176,0.65625,32
B,best,80,2.049126386642456,0.75,32
B,best,81,1.820939302444458,0.71875,32
B,best,82,2.711632251739502,0.5625,32
B,best,83,3.1707725524902344,0.5,32
B,best,84,2.6645655632019043,0.59375,32
B,best,85,2.4878673553466797,0.59375,32
B,best,86,1.850307583808899,0.75,32
B,best,87,2.218839168548584,0.6875,32
B,best,88,2.5435500144958496,0.625,32
B,best,89,3.0735530853271484,0.53125,32
B,best,90,3.2540879249572754,0.5,32
B,best,91,3.3144736289978027,0.46875,32
B,best,92,3.6495442390441895,0.5,32
B,best,93,2.8807263374328613,0.53125,32
B,best,94,1.9304580688476562,0.71875,32
B,best,95,2.427258014678955,0.625,32
B,best,96,3.489670991897583,0.5,32
B,best,97,2.41872239112854,0.59375,32
B,best,98,3.1620829105377197,0.5625,32
B,best,99,2.529646396636963,0.65625,32
B,best,100,2.174910545349121,0.71875,32
B,best,101,1.6941213607788086,0.71875,32
B,best,102,2.0256552696228027,0.71875,32
B,best,103,2.300029754638672,0.65625,32
B,best,104,3.099762439727783,0.53125,32
B,best,105,2.772221803665161,0.59375,32
B,best,106,2.196277141571045,0.6875,32
B,best,107,2.5617218017578125,0.5625,32
B,best,108,2.4590342044830322,0.625,32
B,best,109,2.6514344215393066,0.625,32
B,best,110,1.5512754917144775,0.71875,32
B,best,111,2.206096649169922,0.6875,32
B,best,112,1.8674286603927612,0.6875,32
B,best,113,1.9382095336914062,0.6875,32
B,best,114,2.4410579204559326,0.65625,32
B,best,115,2.5611987113952637,0.59375,32
B,best,116,2.150811195373535,0.6875,32
B,best,117,1.155316948890686,0.8125,32
B,best,118,1.5188603401184082,0.78125,32
B,best,119,2.861118793487549,0.59375,32
B,best,120,2.0313422679901123,0.6875,32
B,best,121,2.8909945487976074,0.5625,32
B,best,122,1.5840986967086792,0.78125,32
B,best,123,2.551100730895996,0.5625,32
B,best,124,2.762023448944092,0.59375,32
B,best,125,2.7279858589172363,0.59375,32
B,best,126,2.0287413597106934,0.75,32
B,best,127,2.347409248352051,0.65625,32
B,best,128,2.838489055633545,0.5625,32
B,best,129,3.0530223846435547,0.5,32
B,best,130,2.3451151847839355,0.6875,32
B,best,131,2.822418689727783,0.65625,32
B,best,132,2.752711772918701,0.59375,32
B,best,133,2.1115708351135254,0.71875,32
B,best,134,2.9726617336273193,0.5625,32
B,best,135,2.8497815132141113,0.5625,32
B,best,136,2.4068119525909424,0.65625,32
B,best,137,3.3474607467651367,0.46875,32
B,best,138,2.709625244140625,0.625,32
B,best,139,3.4428751468658447,0.40625,32
B,best,140,3.47601318359375,0.46875,32
B,best,141,2.487776279449463,0.625,32
B,best,142,1.7202045917510986,0.75,32
B,best,143,2.4796218872070312,0.5625,32
B,best,144,2.2813830375671387,0.6875,32
B,best,145,2.454488754272461,0.625,32
B,best,146,2.4805474281311035,0.59375,32
B,best,147,3.0771796703338623,0.5,32
B,best,148,2.430131435394287,0.65625,32
B,best,149,1.8977420330047607,0.71875,32
B,best,150,1.7440122365951538,0.71875,32
B,best,151,2.686995506286621,0.5625,32
B,best,152,1.997421145439148,0.71875,32
B,best,153,2.94392991065979,0.5625,32
B,best,154,2.7574329376220703,0.5625,32
B,best,155,2.951672315597534,0.59375,32
B,best,156,2.6786155700683594,0.5625,32
B,best,157,2.653750419616699,0.5625,32
B,best,158,2.7920608520507812,0.59375,32
B,best,159,2.206474781036377,0.65625,32
B,best,160,2.2206363677978516,0.71875,32
B,best,161,2.4417202472686768,0.75,32
B,best,162,3.3151469230651855,0.5,32
B,best,163,1.987255334854126,0.6875,32
B,best,164,2.2559332847595215,0.625,32
B,best,165,1.6255346536636353,0.78125,32
B,best,166,3.8026461601257324,0.46875,32
B,best,167,3.4797182083129883,0.53125,32
B,best,168,2.425048589706421,0.625,32
B,best,169,2.4376258850097656,0.65625,32
B,best,170,2.7408881187438965,0.59375,32
B,best,171,3.2287538051605225,0.53125,32
B,best,172,2.1630187034606934,0.65625,32
B,best,173,2.366210460662842,0.625,32
B,best,174,2.427992105484009,0.65625,32
B,best,175,1.9670886993408203,0.71875,32
B,best,176,3.1022441387176514,0.5625,32
B,best,177,1.5870617628097534,0.78125,32
B,best,178,2.1966817378997803,0.625,32
B,best,179,2.449843406677246,0.65625,32
B,best,180,1.8042662143707275,0.6875,32
B,best,181,1.7611010074615479,0.71875,32
B,best,182,3.2063722610473633,0.53125,32
B,best,183,2.3479909896850586,0.65625,32
B,best,184,3.946002721786499,0.40625,32
B,best,185,2.8546950817108154,0.53125,32
B,best,186,2.424112319946289,0.59375,32
B,best,187,1.8663678169250488,0.71875,32
B,best,188,2.373537302017212,0.6875,32
B,best,189,3.8910279273986816,0.46875,32
B,best,190,3.9720077514648438,0.40625,32
B,best,191,1.8911267518997192,0.71875,32
B,best,192,1.8006031513214111,0.71875,32
B,best,193,2.592501163482666,0.59375,32
B,best,194,2.4633264541625977,0.625,32
B,best,195,2.844794511795044,0.5625,32
B,best,196,2.7022008895874023,0.5625,32
B,best,197,3.2215890884399414,0.5625,32
B,best,198,2.068093776702881,0.65625,32
B,best,199,2.5686213970184326,0.59375,32
B,best,200,2.305415153503418,0.71875,32
B,best,201,1.4347624778747559,0.78125,32
B,best,202,2.0137646198272705,0.6875,32
B,best,203,2.419290065765381,0.625,32
B,best,204,3.8521666526794434,0.5,32
B,best,205,1.8402628898620605,0.6875,32
B,best,206,2.5882961750030518,0.5625,32
B,best,207,3.1912925243377686,0.5,32
B,best,208,2.389723062515259,0.625,32
B,best,209,1.6744279861450195,0.78125,32
B,best,210,2.6548869609832764,0.625,32
B,best,211,2.6852612495422363,0.625,32
B,best,212,3.049124002456665,0.5625,32
B,best,213,2.9903736114501953,0.59375,32
B,best,214,2.412869453430176,0.6875,32
B,best,215,3.061413049697876,0.5625,32
B,best,216,2.7974002361297607,0.59375,32
B,best,217,1.7957878112792969,0.6875,32
B,best,218,1.7961052656173706,0.6875,32
B,best,219,2.506324291229248,0.59375,32
B,best,220,3.690629482269287,0.4375,32
B,best,221,1.8877415657043457,0.65625,32
B,best,222,2.57458233833313,0.59375,32
B,best,223,1.9521480798721313,0.6875,32
B,best,224,3.2372026443481445,0.5,32
B,best,225,1.5676159858703613,0.75,32
B,best,226,2.3647146224975586,0.6875,32
B,best,227,2.9192118644714355,0.5625,32
B,best,228,3.8119747638702393,0.53125,32
B,best,229,2.3634777069091797,0.6875,32
B,best,230,2.9210996627807617,0.59375,32
B,best,231,3.1267261505126953,0.5625,32
B,best,232,2.4237470626831055,0.625,32
B,best,233,2.080777645111084,0.71875,32
B,best,234,2.0325565338134766,0.6875,32
B,best,235,2.033116102218628,0.6875,32
B,best,236,2.6124377250671387,0.59375,32
B,best,237,2.689971446990967,0.6875,32
B,best,238,3.6528408527374268,0.4375,32
B,best,239,3.0213193893432617,0.59375,32
B,best,240,2.3190834522247314,0.75,32
B,best,241,2.369410276412964,0.65625,32
B,best,242,1.9487797021865845,0.75,32
B,best,243,2.823394298553467,0.59375,32
B,best,244,2.1122212409973145,0.6875,32
B,best,245,1.8995188474655151,0.71875,32
B,best,246,3.0555734634399414,0.625,32
B,best,247,2.272193431854248,0.71875,32
B,best,248,2.9833977222442627,0.625,32
B,best,249,2.040408134460449,0.6875,32
B,best,250,3.0027711391448975,0.59375,32
B,best,251,1.845097303390503,0.75,32
B,best,252,1.6442914009094238,0.71875,32
B,best,253,1.942258596420288,0.71875,32
B,best,254,2.74216890335083,0.65625,32
B,best,255,1.8814783096313477,0.6875,32
B,last,0,2.308293104171753,0.625,32
B,last,1,1.8024036884307861,0.71875,32
B,last,2,3.246187448501587,0.53125,32
B,last,3,2.156942129135132,0.65625,32
B,last,4,1.7229375839233398,0.75,32
B,last,5,3.7599942684173584,0.375,32
B,last,6,3.551785469055176,0.5,32
B,last,7,3.0178751945495605,0.625,32
B,last,8,1.586592435836792,0.75,32
B,last,9,2.9343063831329346,0.5625,32
B,last,10,2.891434669494629,0.625,32
B,last,11,2.3866381645202637,0.625,32
B,last,12,2.103598117828369,0.6875,32
B,last,13,3.408402442932129,0.46875,32
B,last,14,2.7707605361938477,0.5625,32
B,last,15,3.394641160964966,0.4375,32
B,last,16,2.9143757820129395,0.5625,32
B,last,17,3.245173215866089,0.5,32
B,last,18,2.5301523208618164,0.65625,32
B,last,19,1.9952698945999146,0.71875,32
B,last,20,2.8591694831848145,0.53125,32
B,last,21,3.3768317699432373,0.5,32
B,last,22,3.6017496585845947,0.46875,32
B,last,23,3.7001943588256836,0.46875,32
B,last,24,3.5482959747314453,0.46875,32
B,last,25,2.8603930473327637,0.625,32
B,last,26,2.9277520179748535,0.5625,32
B,last,27,3.0453715324401855,0.5625,32
B,last,28,2.9163966178894043,0.5625,32
B,last,29,1.7834701538085938,0.71875,32
B,last,30,3.164865493774414,0.53125,32
B,last,31,2.507371664047241,0.625,32
B,last,32,2.8264994621276855,0.59375,32
B,last,33,2.0065650939941406,0.75,32
B,last,34,3.101149320602417,0.625,32
B,last,35,3.3389830589294434,0.53125,32
B,last,36,3.834756374359131,0.4375,32
B,last,37,1.8243530988693237,0.78125,32
B,last,38,2.7914462089538574,0.5,32
B,last,39,2.1568350791931152,0.75,32
B,last,40,2.1025638580322266,0.6875,32
B,last,41,2.514583110809326,0.59375,32
B,last,42,2.162209987640381,0.65625,32
B,last,43,2.9263553619384766,0.59375,32
B,last,44,3.240673542022705,0.53125,32
B,last,45,3.2445571422576904,0.59375,32
B,last,46,1.710795521736145,0.75,32
B,last,47,3.175159454345703,0.53125,32
B,last,48,1.2036778926849365,0.875,32
B,last,49,3.0889644622802734,0.53125,32
B,last,50,1.968333125114441,0.6875,32
B,last,51,3.658928394317627,0.46875,32
B,last,52,2.3607864379882812,0.6875,32
B,last,53,3.0355498790740967,0.5625,32
B,last,54,3.600289821624756,0.53125,32
B,last,55,2.0669374465942383,0.71875,32
B,last,56,2.2981646060943604,0.625,32
B,last,57,3.2522876262664795,0.5625,32
B,last,58,2.5424604415893555,0.5625,32
B,last,59,2.674071788787842,0.5625,32
B,last,60,1.7501388788223267,0.71875,32
B,last,61,3.374490976333618,0.53125,32
B,last,62,2.3532779216766357,0.59375,32
B,last,63,2.8824453353881836,0.59375,32
B,last,64,2.8382959365844727,0.5625,32
B,last,65,2.14886736869812,0.65625,32
B,last,66,2.647840976715088,0.625,32
B,last,67,3.047016143798828,0.53125,32
B,last,68,3.583868980407715,0.4375,32
B,last,69,3.39009952545166,0.5,32
B,last,70,3.421881675720215,0.5625,32
B,last,71,1.843550682067871,0.75,32
B,last,72,3.0367186069488525,0.5625,32
B,last,73,3.9547462463378906,0.375,32
B,last,74,1.59995698928833,0.75,32
B,last,75,3.035160779953003,0.53125,32
B,last,76,1.8708370923995972,0.75,32
B,last,77,3.7845005989074707,0.40625,32
B,last,78,2.0859739780426025,0.6875,32
B,last,79,2.482407569885254,0.625,32
B,last,80,2.5902976989746094,0.59375,32
B,last,81,1.9203665256500244,0.71875,32
B,last,82,2.4215054512023926,0.65625,32
B,last,83,3.422663927078247,0.46875,32
B,last,84,2.771845817565918,0.5625,32
B,last,85,2.900560140609741,0.59375,32
B,last,86,1.9786202907562256,0.6875,32
B,last,87,2.275812864303589,0.625,32
B,last,88,2.498042106628418,0.625,32
B,last,89,2.298654079437256,0.65625,32
B,last,90,3.2022528648376465,0.5,32
B,last,91,2.8829381465911865,0.53125,32
B,last,92,2.538827657699585,0.625,32
B,last,93,3.159242868423462,0.46875,32
B,last,94,3.1202433109283447,0.53125,32
B,last,95,2.1021711826324463,0.71875,32
B,last,96,3.74007248878479,0.4375,32
B,last,97,2.5871214866638184,0.5625,32
B,last,98,3.5503578186035156,0.5,32
B,last,99,3.0342605113983154,0.59375,32
B,last,100,2.276742458343506,0.625,32
B,last,101,3.206634998321533,0.53125,32
B,last,102,2.1351864337921143,0.6875,32
B,last,103,3.802936553955078,0.5,32
B,last,104,2.5831542015075684,0.65625,32
B,last,105,2.6214680671691895,0.625,32
B,last,106,2.2647552490234375,0.65625,32
B,last,107,1.5172964334487915,0.78125,32
B,last,108,3.124480724334717,0.5,32
B,last,109,2.5076422691345215,0.59375,32
B,last,110,2.0081350803375244,0.78125,32
B,last,111,1.7853944301605225,0.75,32
B,last,112,3.2090001106262207,0.53125,32
B,last,113,2.9980058670043945,0.53125,32
B,last,114,2.9612045288085938,0.53125,32
B,last,115,3.042616844177246,0.5625,32
B,last,116,3.558260679244995,0.5,32
B,last,117,2.710409641265869,0.59375,32
B,last,118,2.596184253692627,0.59375,32
B,last,119,3.1066367626190186,0.625,32
B,last,120,3.0937139987945557,0.5625,32
B,last,121,2.7285985946655273,0.59375,32
B,last,122,2.1435348987579346,0.625,32
B,last,123,2.517254590988159,0.6875,32
B,last,124,1.7059690952301025,0.75,32
B,last,125,2.9332022666931152,0.53125,32
B,last,126,2.785768985748291,0.625,32
B,last,127,2.502800703048706,0.625,32
B,last,128,3.993194818496704,0.375,32
B,last,129,3.1645779609680176,0.5625,32
B,last,130,2.7294788360595703,0.53125,32
B,last,131,2.488348960876465,0.65625,32
B,last,132,2.13618540763855,0.6875,32
B,last,133,2.4747064113616943,0.625,32
B,last,134,1.7678600549697876,0.75,32
B,last,135,3.2705836296081543,0.46875,32
B,last,136,3.075382709503174,0.53125,32
B,last,137,3.0219109058380127,0.59375,32
B,last,138,2.406751871109009,0.59375,32
B,last,139,3.317659616470337,0.53125,32
B,last,140,3.0806326866149902,0.46875,32
B,last,141,2.4370031356811523,0.65625,32
B,last,142,3.6677913665771484,0.5,32
B,last,143,2.415491819381714,0.625,32
B,last,144,2.2679648399353027,0.6875,32
B,last,145,1.6322969198226929,0.75,32
B,last,146,2.0300426483154297,0.6875,32
B,last,147,2.869081974029541,0.5625,32
B,last,148,2.5215415954589844,0.65625,32
B,last,149,2.623962879180908,0.59375,32
B,last,150,1.9690611362457275,0.6875,32
B,last,151,2.8539552688598633,0.5,32
B,last,152,2.0345747470855713,0.625,32
B,last,153,3.146191358566284,0.5,32
B,last,154,2.2443361282348633,0.6875,32
B,last,155,1.6821179389953613,0.8125,32
B,last,156,3.559375762939453,0.46875,32
B,last,157,2.602077007293701,0.59375,32
B,last,158,2.3057913780212402,0.65625,32
B,last,159,2.9983558654785156,0.625,32
B,last,160,3.0607922077178955,0.59375,32
B,last,161,3.3040852546691895,0.5,32
B,last,162,2.641786813735962,0.625,32
B,last,163,2.65146541595459,0.53125,32
B,last,164,2.963101387023926,0.59375,32
B,last,165,3.448672294616699,0.5625,32
B,last,166,2.184030771255493,0.6875,32
B,last,167,2.5256187915802,0.625,32
B,last,168,2.902282238006592,0.53125,32
B,last,169,2.8556323051452637,0.59375,32
B,last,170,2.805280923843384,0.625,32
B,last,171,3.0911407470703125,0.5,32
B,last,172,2.8738486766815186,0.625,32
B,last,173,1.9881795644760132,0.6875,32
B,last,174,2.588341236114502,0.65625,32
B,last,175,1.668407917022705,0.71875,32
B,last,176,3.54268741607666,0.46875,32
B,last,177,3.0834600925445557,0.5,32
B,last,178,2.2505581378936768,0.65625,32
B,last,179,2.6622674465179443,0.625,32
B,last,180,2.507018804550171,0.59375,32
B,last,181,2.6437530517578125,0.625,32
B,last,182,3.5955400466918945,0.5,32
B,last,183,2.5425543785095215,0.65625,32
B,last,184,2.256716251373291,0.65625,32
B,last,185,2.8769078254699707,0.59375,32
B,last,186,2.4589600563049316,0.59375,32
B,last,187,2.644838333129883,0.53125,32
B,last,188,2.5914015769958496,0.625,32
B,last,189,2.0284669399261475,0.6875,32
B,last,190,2.7633025646209717,0.625,32
B,last,191,3.388507843017578,0.5,32
B,last,192,3.588146924972534,0.46875,32
B,last,193,2.439631462097168,0.59375,32
B,last,194,3.0941014289855957,0.53125,32
B,last,195,3.202728748321533,0.53125,32
B,last,196,2.6412291526794434,0.5625,32
B,last,197,4.180121421813965,0.40625,32
B,last,198,2.3126628398895264,0.6875,32
B,last,199,3.429279327392578,0.46875,32
B,last,200,1.670488953590393,0.71875,32
B,last,201,3.0666890144348145,0.53125,32
B,last,202,2.820570468902588,0.53125,32
B,last,203,2.704916477203369,0.5625,32
B,last,204,3.2406129837036133,0.53125,32
B,last,205,2.474949359893799,0.59375,32
B,last,206,3.053041458129883,0.5,32
B,last,207,2.4555258750915527,0.65625,32
B,last,208,2.570727586746216,0.59375,32
B,last,209,2.2243165969848633,0.6875,32
B,last,210,2.9999499320983887,0.5625,32
B,last,211,2.9569501876831055,0.59375,32
B,last,212,2.8110361099243164,0.53125,32
B,last,213,2.6684272289276123,0.59375,32
B,last,214,2.102503538131714,0.6875,32
B,last,215,3.2832822799682617,0.5625,32
B,last,216,2.629953145980835,0.65625,32
B,last,217,2.734823703765869,0.59375,32
B,last,218,2.3156790733337402,0.625,32
B,last,219,3.5068531036376953,0.5,32
B,last,220,3.2504701614379883,0.53125,32
B,last,221,1.9771101474761963,0.71875,32
B,last,222,2.484738349914551,0.59375,32
B,last,223,3.7273011207580566,0.4375,32
B,last,224,2.1002697944641113,0.65625,32
B,last,225,1.5372614860534668,0.78125,32
B,last,226,2.8800699710845947,0.59375,32
B,last,227,1.9312708377838135,0.6875,32
B,last,228,1.8474342823028564,0.625,32
B,last,229,2.32454252243042,0.65625,32
B,last,230,3.243267297744751,0.53125,32
B,last,231,3.299520492553711,0.53125,32
B,last,232,3.0897786617279053,0.53125,32
B,last,233,3.045600414276123,0.5,32
B,last,234,2.329502820968628,0.625,32
B,last,235,2.8288302421569824,0.5625,32
B,last,236,2.8405041694641113,0.5625,32
B,last,237,3.0514864921569824,0.53125,32
B,last,238,2.2289085388183594,0.65625,32
B,last,239,3.0208897590637207,0.53125,32
B,last,240,1.7371289730072021,0.71875,32
B,last,241,2.5857434272766113,0.65625,32
B,last,242,2.626936912536621,0.625,32
B,last,243,2.713712692260742,0.53125,32
B,last,244,2.975057363510132,0.5,32
B,last,245,2.4962306022644043,0.625,32
B,last,246,1.8161511421203613,0.6875,32
B,last,247,2.344404697418213,0.625,32
B,last,248,2.8295817375183105,0.59375,32
B,last,249,2.712998628616333,0.625,32
B,last,250,2.9401965141296387,0.5625,32
B,last,251,3.2741341590881348,0.5,32
B,last,252,1.3660720586776733,0.8125,32
B,last,253,2.7942569255828857,0.5625,32
B,last,254,3.4508056640625,0.5,32
B,last,255,1.6751224994659424,0.78125,32
C,best,0,1.6600638628005981,0.75,32
C,best,1,1.9399020671844482,0.6875,32
C,best,2,1.9683971405029297,0.625,32
C,best,3,1.674210786819458,0.6875,32
C,best,4,2.26190185546875,0.65625,32
C,best,5,2.2023749351501465,0.6875,32
C,best,6,2.150951862335205,0.71875,32
C,best,7,1.736417293548584,0.71875,32
C,best,8,2.420109748840332,0.5625,32
C,best,9,2.0076019763946533,0.6875,32
C,best,10,2.085951566696167,0.8125,32
C,best,11,2.1500658988952637,0.6875,32
C,best,12,2.170393466949463,0.65625,32
C,best,13,1.8845853805541992,0.6875,32
C,best,14,1.777008056640625,0.71875,32
C,best,15,2.7771120071411133,0.53125,32
C,best,16,2.12553071975708,0.625,32
C,best,17,1.7864797115325928,0.71875,32
C,best,18,2.0729873180389404,0.71875,32
C,best,19,2.510077476501465,0.625,32
C,best,20,2.1358399391174316,0.65625,32
C,best,21,2.605098009109497,0.59375,32
C,best,22,2.4196364879608154,0.625,32
C,best,23,2.3435657024383545,0.6875,32
C,best,24,1.6052099466323853,0.71875,32
C,best,25,2.0922939777374268,0.6875,32
C,best,26,2.701200485229492,0.5625,32
C,best,27,2.9413628578186035,0.53125,32
C,best,28,1.8180336952209473,0.71875,32
C,best,29,1.6298118829727173,0.71875,32
C,best,30,1.6658987998962402,0.75,32
C,best,31,1.3816152811050415,0.75,32
C,best,32,2.4166626930236816,0.53125,32
C,best,33,2.97910737991333,0.59375,32
C,best,34,1.448233962059021,0.71875,32
C,best,35,1.9587942361831665,0.65625,32
C,best,36,2.1419661045074463,0.65625,32
C,best,37,2.687244415283203,0.5625,32
C,best,38,1.8563799858093262,0.71875,32
C,best,39,1.714348554611206,0.75,32
C,best,40,2.5552892684936523,0.625,32
C,best,41,2.7900896072387695,0.59375,32
C,best,42,1.9595661163330078,0.75,32
C,best,43,1.9363179206848145,0.71875,32
C,best,44,2.105410099029541,0.625,32
C,best,45,2.4234914779663086,0.625,32
C,best,46,2.0588393211364746,0.75,32
C,best,47,2.8879823684692383,0.59375,32
C,best,48,1.5985865592956543,0.71875,32
C,best,49,1.7486417293548584,0.6875,32
C,best,50,1.5078235864639282,0.75,32
C,best,51,1.919334888458252,0.75,32
C,best,52,1.948849081993103,0.6875,32
C,best,53,1.5645920038223267,0.75,32
C,best,54,2.048882007598877,0.65625,32
C,best,55,2.874009609222412,0.5625,32
C,best,56,1.9684672355651855,0.6875,32
C,best,57,2.1025373935699463,0.6875,32
C,best,58,2.531876802444458,0.59375,32
C,best,59,2.7773356437683105,0.59375,32
C,best,60,2.805436849594116,0.59375,32
C,best,61,1.3822745084762573,0.8125,32
C,best,62,2.3786139488220215,0.59375,32
C,best,63,2.2897682189941406,0.625,32
C,best,64,1.959618091583252,0.65625,32
C,best,65,1.8493633270263672,0.65625,32
C,best,66,2.510573387145996,0.5625,32
C,best,67,3.106656074523926,0.53125,32
C,best,68,2.422083854675293,0.65625,32
C,best,69,2.6377453804016113,0.5625,32
C,best,70,2.864684581756592,0.53125,32
C,best,71,2.3596701622009277,0.65625,32
C,best,72,2.5154552459716797,0.625,32
C,best,73,2.411064624786377,0.625,32
C,best,74,1.3935487270355225,0.78125,32
C,best,75,2.679957389831543,0.5625,32
C,best,76,2.2363314628601074,0.625,32
C,best,77,2.5492589473724365,0.5625,32
C,best,78,2.477860927581787,0.5625,32
C,best,79,1.5605348348617554,0.75,32
C,best,80,0.9346106052398682,0.84375,32
C,best,81,1.5256845951080322,0.71875,32
C,best,82,2.7909886837005615,0.59375,32
C,best,83,1.8474026918411255,0.6875,32
C,best,84,3.055659055709839,0.5,32
C,best,85,2.454772710800171,0.5625,32
C,best,86,2.094723701477051,0.65625,32
C,best,87,2.7297210693359375,0.53125,32
C,best,88,1.8961949348449707,0.71875,32
C,best,89,1.8359723091125488,0.6875,32
C,best,90,2.0048727989196777,0.65625,32
C,best,91,2.068345308303833,0.71875,32
C,best,92,2.2022743225097656,0.6875,32
C,best,93,2.910820960998535,0.5,32
C,best,94,1.0906254053115845,0.8125,32
C,best,95,2.310225486755371,0.59375,32
C,best,96,3.087852716445923,0.53125,32
C,best,97,1.4657524824142456,0.75,32
C,best,98,1.8434138298034668,0.71875,32
C,best,99,2.0465712547302246,0.6875,32
C,best,100,2.6177220344543457,0.59375,32
C,best,101,2.297006607055664,0.65625,32
C,best,102,2.6376090049743652,0.5625,32
C,best,103,1.2290911674499512,0.78125,32
C,best,104,2.162912368774414,0.625,32
C,best,105,1.8142727613449097,0.65625,32
C,best,106,2.844883918762207,0.5625,32
C,best,107,2.6683921813964844,0.5625,32
C,best,108,1.3929271697998047,0.78125,32
C,best,109,2.5772788524627686,0.625,32
C,best,110,2.1183977127075195,0.625,32
C,best,111,2.039142608642578,0.71875,32
C,best,112,1.976914644241333,0.6875,32
C,best,113,2.450773239135742,0.59375,32
C,best,114,2.007206916809082,0.6875,32
C,best,115,2.4957520961761475,0.59375,32
C,best,116,2.012648105621338,0.71875,32
C,best,117,2.771702766418457,0.59375,32
C,best,118,1.7683240175247192,0.65625,32
C,best,119,2.7530479431152344,0.65625,32
C,best,120,2.184298038482666,0.625,32
C,best,121,2.3734023571014404,0.59375,32
C,best,122,1.6840698719024658,0.75,32
C,best,123,2.670172929763794,0.59375,32
C,best,124,1.9295690059661865,0.6875,32
C,best,125,2.502467632293701,0.59375,32
C,best,126,2.3475942611694336,0.625,32
C,best,127,3.2696237564086914,0.5,32
C,best,128,2.295217990875244,0.59375,32
C,best,129,2.5380711555480957,0.5625,32
C,best,130,1.8926087617874146,0.65625,32
C,best,131,1.8109140396118164,0.6875,32
C,best,132,2.442561626434326,0.59375,32
C,best,133,2.9272494316101074,0.625,32
C,best,134,3.1355085372924805,0.5,32
C,best,135,2.3735861778259277,0.65625,32
C,best,136,2.6788058280944824,0.5625,32
C,best,137,2.6969828605651855,0.53125,32
C,best,138,3.1103885173797607,0.5,32
C,best,139,1.5966835021972656,0.71875,32
C,best,140,2.054032802581787,0.65625,32
C,best,141,2.428142547607422,0.65625,32
C,best,142,2.146547317504883,0.65625,32
C,best,143,2.317063093185425,0.65625,32
C,best,144,2.2031185626983643,0.6875,32
C,best,145,2.9455344676971436,0.5,32
C,best,146,1.370048999786377,0.75,32
C,best,147,1.7937209606170654,0.75,32
C,best,148,1.054103136062622,0.78125,32
C,best,149,1.1368393898010254,0.8125,32
C,best,150,1.9329938888549805,0.65625,32
C,best,151,3.1364705562591553,0.5625,32
C,best,152,1.8975318670272827,0.65625,32
C,best,153,2.3682608604431152,0.65625,32
C,best,154,2.321357250213623,0.625,32
C,best,155,3.0716421604156494,0.53125,32
C,best,156,1.108886480331421,0.75,32
C,best,157,1.9299737215042114,0.6875,32
C,best,158,1.4420132637023926,0.78125,32
C,best,159,1.5036141872406006,0.75,32
C,best,160,2.253878593444824,0.625,32
C,best,161,1.001875638961792,0.8125,32
C,best,162,2.723906993865967,0.5625,32
C,best,163,2.00773286819458,0.71875,32
C,best,164,2.490352153778076,0.5625,32
C,best,165,1.40040123462677,0.78125,32
C,best,166,2.4687321186065674,0.59375,32
C,best,167,2.9107847213745117,0.5625,32
C,best,168,1.894238829612732,0.6875,32
C,best,169,2.3111093044281006,0.59375,32
C,best,170,1.519589900970459,0.71875,32
C,best,171,1.36869215965271,0.71875,32
C,best,172,2.4834280014038086,0.5625,32
C,best,173,2.4960479736328125,0.6875,32
C,best,174,2.1894688606262207,0.65625,32
C,best,175,1.7387155294418335,0.6875,32
C,best,176,2.0930016040802,0.625,32
C,best,177,2.9506983757019043,0.46875,32
C,best,178,1.6576354503631592,0.75,32
C,best,179,2.906796932220459,0.59375,32
C,best,180,2.2939913272857666,0.65625,32
C,best,181,1.4376791715621948,0.8125,32
C,best,182,3.6945858001708984,0.4375,32
C,best,183,2.5682249069213867,0.59375,32
C,best,184,3.0913209915161133,0.5625,32
C,best,185,1.9370700120925903,0.6875,32
C,best,186,2.297152042388916,0.65625,32
C,best,187,3.089148998260498,0.53125,32
C,best,188,2.05686616897583,0.6875,32
C,best,189,1.741689682006836,0.6875,32
C,best,190,2.5893783569335938,0.5625,32
C,best,191,1.6199214458465576,0.71875,32
C,best,192,2.9329700469970703,0.5625,32
C,best,193,2.9993979930877686,0.53125,32
C,best,194,1.1486555337905884,0.8125,32
C,best,195,2.1486637592315674,0.65625,32
C,best,196,2.0718040466308594,0.71875,32
C,best,197,2.9899604320526123,0.53125,32
C,best,198,3.450850486755371,0.46875,32
C,best,199,1.9329514503479004,0.6875,32
C,best,200,2.2118325233459473,0.65625,32
C,best,201,2.3688924312591553,0.625,32
C,best,202,2.195110321044922,0.625,32
C,best,203,2.2321975231170654,0.65625,32
C,best,204,2.416203022003174,0.625,32
C,best,205,2.422774076461792,0.625,32
C,best,206,2.056201934814453,0.65625,32
C,best,207,1.793116807937622,0.78125,32
C,best,208,1.7094485759735107,0.75,32
C,best,209,2.2907986640930176,0.65625,32
C,best,210,1.979201078414917,0.6875,32
C,best,211,1.8335745334625244,0.65625,32
C,best,212,1.2778233289718628,0.8125,32
C,best,213,1.693663239479065,0.75,32
C,best,214,2.7072324752807617,0.5625,32
C,best,215,2.1625237464904785,0.625,32
C,best,216,1.7143771648406982,0.71875,32
C,best,217,1.5986151695251465,0.71875,32
C,best,218,2.161680221557617,0.625,32
C,best,219,2.7236387729644775,0.5625,32
C,best,220,1.6481802463531494,0.75,32
C,best,221,3.273606300354004,0.5,32
C,best,222,1.8632265329360962,0.65625,32
C,best,223,1.853468656539917,0.71875,32
C,best,224,3.0453479290008545,0.53125,32
C,best,225,2.414796829223633,0.625,32
C,best,226,2.2574801445007324,0.6875,32
C,best,227,1.839956283569336,0.71875,32
C,best,228,2.065572738647461,0.71875,32
C,best,229,1.1652344465255737,0.8125,32
C,best,230,1.895359992980957,0.6875,32
C,best,231,1.949282169342041,0.65625,32
C,best,232,2.494105815887451,0.59375,32
C,best,233,2.1986770629882812,0.625,32
C,best,234,1.6555752754211426,0.71875,32
C,best,235,2.3543403148651123,0.625,32
C,best,236,2.54052734375,0.5625,32
C,best,237,2.5202081203460693,0.5625,32
C,best,238,2.134969711303711,0.625,32
C,best,239,1.821968674659729,0.8125,32
C,best,240,2.6711807250976562,0.625,32
C,best,241,2.3607146739959717,0.625,32
C,best,242,2.449373722076416,0.5625,32
C,best,243,2.3084352016448975,0.625,32
C,best,244,2.3161396980285645,0.625,32
C,best,245,2.821995496749878,0.5625,32
C,best,246,2.6589598655700684,0.625,32
C,best,247,1.8524366617202759,0.65625,32
C,best,248,2.4430811405181885,0.6875,32
C,best,249,1.6115176677703857,0.71875,32
C,best,250,1.6130805015563965,0.71875,32
C,best,251,2.229464054107666,0.65625,32
C,best,252,2.138742446899414,0.65625,32
C,best,253,2.032274007797241,0.71875,32
C,best,254,1.5723812580108643,0.78125,32
C,best,255,2.5004093647003174,0.59375,32
C,last,0,2.345022678375244,0.6875,32
C,last,1,2.14477801322937,0.65625,32
C,last,2,1.9255475997924805,0.65625,32
C,last,3,1.3452644348144531,0.75,32
C,last,4,3.1651687622070312,0.5,32
C,last,5,3.250750780105591,0.5625,32
C,last,6,1.8847978115081787,0.75,32
C,last,7,1.770174264907837,0.71875,32
C,last,8,2.7274088859558105,0.59375,32
C,last,9,1.811190128326416,0.71875,32
C,last,10,1.644078254699707,0.78125,32
C,last,11,1.7918872833251953,0.71875,32
C,last,12,1.8705980777740479,0.71875,32
C,last,13,2.1036722660064697,0.6875,32
C,last,14,1.8737512826919556,0.65625,32
C,last,15,3.358259439468384,0.53125,32
C,last,16,2.0358011722564697,0.65625,32
C,last,17,1.6171517372131348,0.75,32
C,last,18,1.9119176864624023,0.71875,32
C,last,19,1.4619656801223755,0.78125,32
C,last,20,2.1298580169677734,0.625,32
C,last,21,2.2901697158813477,0.65625,32
C,last,22,2.748812437057495,0.5625,32
C,last,23,1.6833150386810303,0.75,32
C,last,24,1.8252477645874023,0.75,32
C,last,25,2.718390464782715,0.59375,32
C,last,26,2.9112162590026855,0.625,32
C,last,27,2.3210501670837402,0.65625,32
C,last,28,1.6452841758728027,0.75,32
C,last,29,1.4078924655914307,0.78125,32
C,last,30,1.3630515336990356,0.78125,32
C,last,31,1.5749764442443848,0.75,32
C,last,32,1.9735820293426514,0.65625,32
C,last,33,2.9991135597229004,0.53125,32
C,last,34,1.762847661972046,0.6875,32
C,last,35,1.4153995513916016,0.75,32
C,last,36,2.046576499938965,0.625,32
C,last,37,2.4371395111083984,0.625,32
C,last,38,2.196932315826416,0.65625,32
C,last,39,1.841660737991333,0.71875,32
C,last,40,2.238840341567993,0.6875,32
C,last,41,3.91875958442688,0.4375,32
C,last,42,1.4555507898330688,0.78125,32
C,last,43,1.504097580909729,0.78125,32
C,last,44,1.7266730070114136,0.71875,32
C,last,45,2.48165225982666,0.625,32
C,last,46,2.420640468597412,0.65625,32
C,last,47,2.2335965633392334,0.6875,32
C,last,48,2.1043877601623535,0.625,32
C,last,49,2.1110329627990723,0.59375,32
C,last,50,1.6371734142303467,0.75,32
C,last,51,2.0103793144226074,0.6875,32
C,last,52,1.1855942010879517,0.8125,32
C,last,53,1.7725021839141846,0.6875,32
C,last,54,2.2817065715789795,0.65625,32
C,last,55,2.085223436355591,0.65625,32
C,last,56,2.457160472869873,0.59375,32
C,last,57,2.1160507202148438,0.78125,32
C,last,58,3.1457386016845703,0.5625,32
C,last,59,2.60921049118042,0.59375,32
C,last,60,2.6880011558532715,0.65625,32
C,last,61,1.9909025430679321,0.65625,32
C,last,62,2.1959104537963867,0.625,32
C,last,63,2.1694178581237793,0.625,32
C,last,64,1.8147623538970947,0.65625,32
C,last,65,2.038970947265625,0.6875,32
C,last,66,2.6179566383361816,0.5625,32
C,last,67,2.8423619270324707,0.5625,32
C,last,68,2.5092926025390625,0.59375,32
C,last,69,2.2516374588012695,0.65625,32
C,last,70,2.4962282180786133,0.59375,32
C,last,71,2.3791935443878174,0.625,32
C,last,72,1.9169974327087402,0.6875,32
C,last,73,1.7480401992797852,0.71875,32
C,last,74,1.2415320873260498,0.78125,32
C,last,75,2.1641640663146973,0.65625,32
C,last,76,1.8158894777297974,0.71875,32
C,last,77,2.027480125427246,0.6875,32
C,last,78,2.7396230697631836,0.53125,32
C,last,79,1.4674224853515625,0.75,32
C,last,80,1.7188578844070435,0.71875,32
C,last,81,1.7279284000396729,0.6875,32
C,last,82,1.9336286783218384,0.71875,32
C,last,83,1.7951340675354004,0.71875,32
C,last,84,3.3683347702026367,0.4375,32
C,last,85,2.57147479057312,0.5625,32
C,last,86,2.3647799491882324,0.59375,32
C,last,87,2.861180543899536,0.5625,32
C,last,88,1.6176681518554688,0.75,32
C,last,89,2.0518126487731934,0.65625,32
C,last,90,2.3911752700805664,0.65625,32
C,last,91,1.740612506866455,0.71875,32
C,last,92,1.9485312700271606,0.71875,32
C,last,93,2.691629648208618,0.53125,32
C,last,94,1.069807767868042,0.8125,32
C,last,95,2.5305638313293457,0.625,32
C,last,96,3.020753860473633,0.53125,32
C,last,97,2.024904489517212,0.65625,32
C,last,98,2.0975894927978516,0.625,32
C,last,99,2.0474095344543457,0.6875,32
C,last,100,2.5763745307922363,0.5625,32
C,last,101,3.148759603500366,0.5,32
C,last,102,2.72814679145813,0.53125,32
C,last,103,0.9595445990562439,0.8125,32
C,last,104,2.9034411907196045,0.5625,32
C,last,105,1.685009241104126,0.71875,32
C,last,106,2.1738672256469727,0.65625,32
C,last,107,2.1652259826660156,0.6875,32
C,last,108,1.8250659704208374,0.71875,32
C,last,109,1.9076937437057495,0.71875,32
C,last,110,1.9209542274475098,0.6875,32
C,last,111,2.118631362915039,0.6875,32
C,last,112,2.185776948928833,0.6875,32
C,last,113,2.763737440109253,0.5625,32
C,last,114,1.6054277420043945,0.75,32
C,last,115,2.177173137664795,0.65625,32
C,last,116,3.0733680725097656,0.5625,32
C,last,117,2.945147752761841,0.5625,32
C,last,118,1.4961363077163696,0.75,32
C,last,119,2.6650161743164062,0.625,32
C,last,120,2.2218570709228516,0.6875,32
C,last,121,2.3558566570281982,0.625,32
C,last,122,2.066887855529785,0.6875,32
C,last,123,2.4651284217834473,0.59375,32
C,last,124,1.9247825145721436,0.71875,32
C,last,125,2.159921646118164,0.6875,32
C,last,126,2.2893760204315186,0.6875,32
C,last,127,2.2720396518707275,0.59375,32
C,last,128,2.0522069931030273,0.65625,32
C,last,129,2.553999185562134,0.53125,32
C,last,130,1.6141846179962158,0.71875,32
C,last,131,1.7441511154174805,0.65625,32
C,last,132,2.8243579864501953,0.53125,32
C,last,133,2.853658676147461,0.625,32
C,last,134,3.237173557281494,0.5,32
C,last,135,2.216923713684082,0.6875,32
C,last,136,2.6478121280670166,0.53125,32
C,last,137,2.8452634811401367,0.59375,32
C,last,138,2.7279205322265625,0.59375,32
C,last,139,2.562450647354126,0.625,32
C,last,140,2.159942865371704,0.625,32
C,last,141,3.0814905166625977,0.53125,32
C,last,142,1.9685612916946411,0.65625,32
C,last,143,2.2798402309417725,0.625,32
C,last,144,2.1872854232788086,0.625,32
C,last,145,2.997036933898926,0.5,32
C,last,146,1.6114401817321777,0.75,32
C,last,147,1.8513078689575195,0.71875,32
C,last,148,1.692458152770996,0.71875,32
C,last,149,0.6740689873695374,0.875,32
C,last,150,1.9882395267486572,0.75,32
C,last,151,3.045330286026001,0.46875,32
C,last,152,2.034299850463867,0.625,32
C,last,153,2.639464855194092,0.65625,32
C,last,154,2.2678215503692627,0.65625,32
C,last,155,2.9152774810791016,0.59375,32
C,last,156,1.8963831663131714,0.65625,32
C,last,157,1.8750461339950562,0.6875,32
C,last,158,1.731938123703003,0.75,32
C,last,159,1.5926756858825684,0.75,32
C,last,160,2.0696492195129395,0.65625,32
C,last,161,2.315791130065918,0.65625,32
C,last,162,3.318523645401001,0.40625,32
C,last,163,2.3898096084594727,0.625,32
C,last,164,2.55303955078125,0.625,32
C,last,165,1.1290459632873535,0.78125,32
C,last,166,3.024275302886963,0.59375,32
C,last,167,2.477259397506714,0.625,32
C,last,168,1.975471019744873,0.65625,32
C,last,169,1.5697365999221802,0.75,32
C,last,170,2.2859787940979004,0.65625,32
C,last,171,1.1237742900848389,0.78125,32
C,last,172,2.4151992797851562,0.59375,32
C,last,173,3.0014052391052246,0.5625,32
C,last,174,2.520956516265869,0.59375,32
C,last,175,1.906327486038208,0.71875,32
C,last,176,2.4703314304351807,0.5625,32
C,last,177,3.557201385498047,0.46875,32
C,last,178,1.6859309673309326,0.75,32
C,last,179,2.01676869392395,0.65625,32
C,last,180,1.7997055053710938,0.6875,32
C,last,181,1.3683993816375732,0.78125,32
C,last,182,3.2029600143432617,0.5,32
C,last,183,1.9738330841064453,0.625,32
C,last,184,2.8793554306030273,0.5625,32
C,last,185,1.7415151596069336,0.75,32
C,last,186,2.2132978439331055,0.65625,32
C,last,187,2.8532679080963135,0.59375,32
C,last,188,2.3021185398101807,0.65625,32
C,last,189,1.7266385555267334,0.71875,32
C,last,190,2.285172462463379,0.65625,32
C,last,191,1.560563325881958,0.75,32
C,last,192,3.1646032333374023,0.53125,32
C,last,193,2.9525766372680664,0.53125,32
C,last,194,1.0110728740692139,0.84375,32
C,last,195,1.983452320098877,0.71875,32
C,last,196,2.357668161392212,0.6875,32
C,last,197,3.340456485748291,0.5625,32
C,last,198,3.0466036796569824,0.53125,32
C,last,199,2.5646848678588867,0.59375,32
C,last,200,1.6293784379959106,0.75,32
C,last,201,1.8917245864868164,0.71875,32
C,last,202,2.5168027877807617,0.59375,32
C,last,203,2.5203659534454346,0.6875,32
C,last,204,2.7087182998657227,0.59375,32
C,last,205,1.8168516159057617,0.65625,32
C,last,206,2.110818862915039,0.59375,32
C,last,207,1.378587245941162,0.8125,32
C,last,208,2.0560238361358643,0.71875,32
C,last,209,2.3117549419403076,0.65625,32
C,last,210,2.023716926574707,0.71875,32
C,last,211,2.174751043319702,0.65625,32
C,last,212,2.032027006149292,0.6875,32
C,last,213,1.6345765590667725,0.71875,32
C,last,214,2.5738093852996826,0.59375,32
C,last,215,2.5675034523010254,0.59375,32
C,last,216,1.8682243824005127,0.75,32
C,last,217,1.4248859882354736,0.75,32
C,last,218,2.410336971282959,0.625,32
C,last,219,2.7941274642944336,0.5625,32
C,last,220,1.9215900897979736,0.6875,32
C,last,221,2.5435523986816406,0.625,32
C,last,222,2.8114194869995117,0.53125,32
C,last,223,2.052788734436035,0.65625,32
C,last,224,2.910858154296875,0.5625,32
C,last,225,2.187375068664551,0.65625,32
C,last,226,2.3651123046875,0.625,32
C,last,227,1.4674549102783203,0.75,32
C,last,228,1.6967707872390747,0.75,32
C,last,229,1.5608652830123901,0.75,32
C,last,230,2.198136329650879,0.6875,32
C,last,231,2.3193423748016357,0.625,32
C,last,232,2.5523219108581543,0.59375,32
C,last,233,2.1003048419952393,0.6875,32
C,last,234,1.9604730606079102,0.6875,32
C,last,235,2.471389055252075,0.625,32
C,last,236,2.734584331512451,0.53125,32
C,last,237,2.1096248626708984,0.625,32
C,last,238,2.2178139686584473,0.5625,32
C,last,239,1.6842116117477417,0.71875,32
C,last,240,2.1349642276763916,0.65625,32
C,last,241,1.9895226955413818,0.6875,32
C,last,242,1.728261947631836,0.6875,32
C,last,243,2.0062146186828613,0.65625,32
C,last,244,2.3846404552459717,0.59375,32
C,last,245,2.2714381217956543,0.65625,32
C,last,246,2.106813907623291,0.65625,32
C,last,247,2.1949453353881836,0.65625,32
C,last,248,2.100571632385254,0.71875,32
C,last,249,1.6429952383041382,0.6875,32
C,last,250,1.2625128030776978,0.78125,32
C,last,251,1.9736230373382568,0.6875,32
C,last,252,2.2482004165649414,0.65625,32
C,last,253,2.3199212551116943,0.59375,32
C,last,254,1.973146915435791,0.71875,32
C,last,255,2.32133412361145,0.65625,32
D,best,0,6.923002243041992,0.0,32
D,best,1,6.932868003845215,0.0,32
D,best,2,6.9268879890441895,0.0,32
D,best,3,6.927368640899658,0.0,32
D,best,4,6.935888767242432,0.0,32
D,best,5,6.932747840881348,0.0,32
D,best,6,6.94353723526001,0.0,32
D,best,7,6.931368350982666,0.0,32
D,best,8,6.934374809265137,0.0,32
D,best,9,6.933582782745361,0.0,32
D,best,10,6.939581394195557,0.0,32
D,best,11,6.928798198699951,0.0,32
D,best,12,6.935856819152832,0.0,32
D,best,13,6.927627086639404,0.0,32
D,best,14,6.930630207061768,0.0,32
D,best,15,6.929191589355469,0.0,32
D,best,16,6.923320770263672,0.0,32
D,best,17,6.939215660095215,0.0,32
D,best,18,6.925995826721191,0.03125,32
D,best,19,6.932432174682617,0.0,32
D,best,20,6.937111854553223,0.0,32
D,best,21,6.932986259460449,0.0,32
D,best,22,6.946205139160156,0.0,32
D,best,23,6.929800987243652,0.0,32
D,best,24,6.937160491943359,0.0,32
D,best,25,6.9197211265563965,0.0,32
D,best,26,6.935492038726807,0.0,32
D,best,27,6.928186893463135,0.0,32
D,best,28,6.925094127655029,0.0,32
D,best,29,6.934634208679199,0.0,32
D,best,30,6.929562568664551,0.0,32
D,best,31,6.942183494567871,0.0,32
D,best,32,6.916721343994141,0.0,32
D,best,33,6.9375152587890625,0.0,32
D,best,34,6.935620307922363,0.0,32
D,best,35,6.938117027282715,0.0,32
D,best,36,6.9255595207214355,0.0,32
D,best,37,6.926531791687012,0.0,32
D,best,38,6.923365592956543,0.0,32
D,best,39,6.930916786193848,0.0,32
D,best,40,6.934812068939209,0.0,32
D,best,41,6.939398288726807,0.0,32
D,best,42,6.938827991485596,0.03125,32
D,best,43,6.934872627258301,0.0,32
D,best,44,6.920928001403809,0.0,32
D,best,45,6.924647331237793,0.0,32
D,best,46,6.925332069396973,0.0,32
D,best,47,6.9272284507751465,0.0,32
D,best,48,6.932817459106445,0.0,32
D,best,49,6.932464599609375,0.0,32
D,best,50,6.929658889770508,0.0,32
D,best,51,6.925306797027588,0.0,32
D,best,52,6.930601119995117,0.0,32
D,best,53,6.933366298675537,0.0,32
D,best,54,6.9329986572265625,0.0,32
D,best,55,6.935877799987793,0.0,32
D,best,56,6.926912307739258,0.0,32
D,best,57,6.930184364318848,0.0,32
D,best,58,6.933799743652344,0.0,32
D,best,59,6.9354352951049805,0.0,32
D,best,60,6.9248857498168945,0.0,32
D,best,61,6.925279140472412,0.0,32
D,best,62,6.936821460723877,0.0,32
D,best,63,6.925281524658203,0.0,32
D,best,64,6.928167343139648,0.0,32
D,best,65,6.929832458496094,0.0,32
D,best,66,6.939353942871094,0.0,32
D,best,67,6.930997848510742,0.0,32
D,best,68,6.925098419189453,0.03125,32
D,best,69,6.931332111358643,0.03125,32
D,best,70,6.934654235839844,0.0,32
D,best,71,6.9253740310668945,0.0,32
D,best,72,6.9292097091674805,0.0,32
D,best,73,6.927384376525879,0.0,32
D,best,74,6.9444403648376465,0.0,32
D,best,75,6.939250946044922,0.0,32
D,best,76,6.92530632019043,0.03125,32
D,best,77,6.9307708740234375,0.0,32
D,best,78,6.93237829208374,0.0,32
D,best,79,6.939752101898193,0.0,32
D,best,80,6.930612087249756,0.0,32
D,best,81,6.924455642700195,0.0,32
D,best,82,6.926753044128418,0.0,32
D,best,83,6.930497646331787,0.0,32
D,best,84,6.937295436859131,0.0,32
D,best,85,6.938726902008057,0.0,32
D,best,86,6.922122955322266,0.0,32
D,best,87,6.934487342834473,0.0,32
D,best,88,6.929482936859131,0.0,32
D,best,89,6.930132865905762,0.0,32
D,best,90,6.9280548095703125,0.0,32
D,best,91,6.93978214263916,0.0,32
D,best,92,6.928367614746094,0.0,32
D,best,93,6.9381489753723145,0.0,32
D,best,94,6.937933444976807,0.0,32
D,best,95,6.928216934204102,0.0,32
D,best,96,6.936402320861816,0.0,32
D,best,97,6.929243087768555,0.0,32
D,best,98,6.938045501708984,0.0,32
D,best,99,6.929067611694336,0.0,32
D,best,100,6.929343223571777,0.0,32
D,best,101,6.926588535308838,0.0,32
D,best,102,6.935606956481934,0.0,32
D,best,103,6.933855056762695,0.0,32
D,best,104,6.927812576293945,0.0,32
D,best,105,6.931334018707275,0.0,32
D,best,106,6.930222034454346,0.0,32
D,best,107,6.931038856506348,0.0,32
D,best,108,6.9326171875,0.0,32
D,best,109,6.936134338378906,0.0,32
D,best,110,6.94552755355835,0.0,32
D,best,111,6.933404922485352,0.0,32
D,best,112,6.936162948608398,0.0,32
D,best,113,6.927238464355469,0.0,32
D,best,114,6.924499988555908,0.0,32
D,best,115,6.933819770812988,0.0,32
D,best,116,6.930910110473633,0.0,32
D,best,117,6.920633316040039,0.0,32
D,best,118,6.938645362854004,0.0,32
D,best,119,6.936028957366943,0.0,32
D,best,120,6.927905082702637,0.0,32
D,best,121,6.925571441650391,0.0,32
D,best,122,6.932543754577637,0.0,32
D,best,123,6.935851097106934,0.0,32
D,best,124,6.9271931648254395,0.0,32
D,best,125,6.929287910461426,0.0,32
D,best,126,6.92682409286499,0.0,32
D,best,127,6.931031227111816,0.0,32
D,best,128,6.929235458374023,0.0,32
D,best,129,6.933648109436035,0.0,32
D,best,130,6.939857482910156,0.0,32
D,best,131,6.929927825927734,0.0,32
D,best,132,6.931753158569336,0.0,32
D,best,133,6.930461883544922,0.0,32
D,best,134,6.928591728210449,0.0,32
D,best,135,6.939892768859863,0.0,32
D,best,136,6.927793502807617,0.0,32
D,best,137,6.935676574707031,0.0,32
D,best,138,6.940650939941406,0.0,32
D,best,139,6.932942867279053,0.0,32
D,best,140,6.932496070861816,0.0,32
D,best,141,6.938881874084473,0.0,32
D,best,142,6.932193756103516,0.0,32
D,best,143,6.93497371673584,0.0,32
D,best,144,6.933424949645996,0.0,32
D,best,145,6.932295322418213,0.0,32
D,best,146,6.932343006134033,0.0,32
D,best,147,6.934670925140381,0.0,32
D,best,148,6.92989444732666,0.0,32
D,best,149,6.9299845695495605,0.0,32
D,best,150,6.9362311363220215,0.0,32
D,best,151,6.928001403808594,0.0,32
D,best,152,6.938627243041992,0.0,32
D,best,153,6.93361759185791,0.0,32
D,best,154,6.930292129516602,0.0,32
D,best,155,6.9296746253967285,0.0,32
D,best,156,6.937711715698242,0.0,32
D,best,157,6.930135726928711,0.0,32
D,best,158,6.9243268966674805,0.0,32
D,best,159,6.933228492736816,0.0,32
D,best,160,6.926963806152344,0.0,32
D,best,161,6.936010837554932,0.0,32
D,best,162,6.93064022064209,0.0,32
D,best,163,6.936741828918457,0.0,32
D,best,164,6.92775297164917,0.0,32
D,best,165,6.930704116821289,0.0,32
D,best,166,6.931090354919434,0.0,32
D,best,167,6.936935901641846,0.0,32
D,best,168,6.9329376220703125,0.0,32
D,best,169,6.930174827575684,0.0,32
D,best,170,6.92542839050293,0.0,32
D,best,171,6.932940483093262,0.0,32
D,best,172,6.934089660644531,0.0,32
D,best,173,6.935438632965088,0.0,32
D,best,174,6.9374542236328125,0.0,32
D,best,175,6.924177169799805,0.0,32
D,best,176,6.937231063842773,0.0,32
D,best,177,6.933041572570801,0.0,32
D,best,178,6.93235445022583,0.03125,32
D,best,179,6.929949760437012,0.0,32
D,best,180,6.932629585266113,0.0,32
D,best,181,6.936542987823486,0.0,32
D,best,182,6.9267120361328125,0.0,32
D,best,183,6.932214260101318,0.0,32
D,best,184,6.925313472747803,0.0,32
D,best,185,6.930085182189941,0.0,32
D,best,186,6.929733753204346,0.0,32
D,best,187,6.935880184173584,0.0,32
D,best,188,6.939466953277588,0.0,32
D,best,189,6.933931827545166,0.0,32
D,best,190,6.936936378479004,0.03125,32
D,best,191,6.942357063293457,0.0,32
D,best,192,6.924212455749512,0.0,32
D,best,193,6.926565170288086,0.0,32
D,best,194,6.926364898681641,0.0,32
D,best,195,6.930662155151367,0.0,32
D,best,196,6.929667949676514,0.0,32
D,best,197,6.937506675720215,0.0,32
D,best,198,6.936221122741699,0.0,32
D,best,199,6.934277057647705,0.0,32
D,best,200,6.936247825622559,0.0,32
D,best,201,6.940956115722656,0.0,32
D,best,202,6.926355838775635,0.0,32
D,best,203,6.935198783874512,0.0,32
D,best,204,6.930600166320801,0.0,32
D,best,205,6.9341535568237305,0.0,32
D,best,206,6.929647445678711,0.0,32
D,best,207,6.929803848266602,0.0,32
D,best,208,6.932929515838623,0.0,32
D,best,209,6.927481174468994,0.03125,32
D,best,210,6.933382987976074,0.0,32
D,best,211,6.929436683654785,0.0,32
D,best,212,6.932448387145996,0.0,32
D,best,213,6.932402610778809,0.0,32
D,best,214,6.934414863586426,0.0,32
D,best,215,6.927858352661133,0.0,32
D,best,216,6.925185680389404,0.0,32
D,best,217,6.937641620635986,0.0,32
D,best,218,6.930461883544922,0.0,32
D,best,219,6.928257942199707,0.0,32
D,best,220,6.923800468444824,0.0,32
D,best,221,6.94070291519165,0.0,32
D,best,222,6.930055618286133,0.0,32
D,best,223,6.941534996032715,0.0,32
D,best,224,6.9290056228637695,0.0,32
D,best,225,6.9391913414001465,0.0,32
D,best,226,6.936548233032227,0.03125,32
D,best,227,6.929620742797852,0.0,32
D,best,228,6.930197238922119,0.0,32
D,best,229,6.930839538574219,0.0,32
D,best,230,6.9330315589904785,0.0,32
D,best,231,6.931600570678711,0.0,32
D,best,232,6.9322896003723145,0.0,32
D,best,233,6.941381454467773,0.0,32
D,best,234,6.92609167098999,0.0,32
D,best,235,6.936827182769775,0.0,32
D,best,236,6.929074287414551,0.0,32
D,best,237,6.93768310546875,0.0,32
D,best,238,6.927251815795898,0.0,32
D,best,239,6.921270370483398,0.0,32
D,best,240,6.942909240722656,0.0,32
D,best,241,6.936439037322998,0.0,32
D,best,242,6.920868396759033,0.0,32
D,best,243,6.936423301696777,0.0,32
D,best,244,6.93256950378418,0.0,32
D,best,245,6.925745487213135,0.0,32
D,best,246,6.926573753356934,0.0,32
D,best,247,6.932379722595215,0.0,32
D,best,248,6.937252044677734,0.0,32
D,best,249,6.929115295410156,0.0,32
D,best,250,6.933141708374023,0.0,32
D,best,251,6.927019119262695,0.0,32
D,best,252,6.938620090484619,0.0,32
D,best,253,6.93826150894165,0.0,32
D,best,254,6.935817241668701,0.0,32
D,best,255,6.938499450683594,0.0,32
D,last,0,6.924862384796143,0.0,32
D,last,1,6.937333106994629,0.0,32
D,last,2,6.9328131675720215,0.0,32
D,last,3,6.93273401260376,0.0,32
D,last,4,6.93120002746582,0.0,32
D,last,5,6.938174724578857,0.0,32
D,last,6,6.933356761932373,0.03125,32
D,last,7,6.936044692993164,0.0,32
D,last,8,6.934167385101318,0.0,32
D,last,9,6.927057266235352,0.0,32
D,last,10,6.931545257568359,0.0,32
D,last,11,6.9294023513793945,0.0,32
D,last,12,6.939000129699707,0.0,32
D,last,13,6.927840709686279,0.0,32
D,last,14,6.927770614624023,0.0,32
D,last,15,6.935910701751709,0.0,32
D,last,16,6.927334785461426,0.03125,32
D,last,17,6.932241916656494,0.0,32
D,last,18,6.927987098693848,0.0,32
D,last,19,6.933014869689941,0.0,32
D,last,20,6.929656982421875,0.0,32
D,last,21,6.9311442375183105,0.0,32
D,last,22,6.937132835388184,0.0,32
D,last,23,6.929261684417725,0.0,32
D,last,24,6.931044578552246,0.0,32
D,last,25,6.923435211181641,0.0,32
D,last,26,6.932661533355713,0.0,32
D,last,27,6.927666664123535,0.0,32
D,last,28,6.927672386169434,0.0,32
D,last,29,6.932265281677246,0.0,32
D,last,30,6.930117607116699,0.0,32
D,last,31,6.940686225891113,0.0,32
D,last,32,6.920017719268799,0.0,32
D,last,33,6.938808441162109,0.0,32
D,last,34,6.929909706115723,0.0,32
D,last,35,6.936175346374512,0.0,32
D,last,36,6.93243932723999,0.03125,32
D,last,37,6.9262800216674805,0.0,32
D,last,38,6.933417320251465,0.0,32
D,last,39,6.940093517303467,0.0,32
D,last,40,6.924863338470459,0.0,32
D,last,41,6.936403751373291,0.0,32
D,last,42,6.943147659301758,0.0,32
D,last,43,6.934313774108887,0.0,32
D,last,44,6.931474685668945,0.0,32
D,last,45,6.929295539855957,0.0,32
D,last,46,6.9353437423706055,0.0,32
D,last,47,6.928492069244385,0.0,32
D,last,48,6.9277663230896,0.0,32
D,last,49,6.934246063232422,0.0,32
D,last,50,6.926855087280273,0.0,32
D,last,51,6.928006172180176,0.0,32
D,last,52,6.933344841003418,0.0,32
D,last,53,6.925827980041504,0.0,32
D,last,54,6.9312744140625,0.0,32
D,last,55,6.9259748458862305,0.0,32
D,last,56,6.927957534790039,0.0,32
D,last,57,6.9307732582092285,0.0,32
D,last,58,6.933034896850586,0.0,32
D,last,59,6.9306840896606445,0.03125,32
D,last,60,6.93245792388916,0.0,32
D,last,61,6.924604415893555,0.0,32
D,last,62,6.9388322830200195,0.0,32
D,last,63,6.928800582885742,0.0,32
D,last,64,6.934662818908691,0.0,32
D,last,65,6.922962188720703,0.0,32
D,last,66,6.938040733337402,0.0,32
D,last,67,6.935689926147461,0.03125,32
D,last,68,6.933567047119141,0.0,32
D,last,69,6.937655925750732,0.0,32
D,last,70,6.9429097175598145,0.0,32
D,last,71,6.928554534912109,0.0,32
D,last,72,6.933673858642578,0.0,32
D,last,73,6.932710647583008,0.0,32
D,last,74,6.931550979614258,0.0,32
D,last,75,6.935552597045898,0.0,32
D,last,76,6.927271842956543,0.0,32
D,last,77,6.932324409484863,0.0,32
D,last,78,6.936704158782959,0.0,32
D,last,79,6.939967155456543,0.0,32
D,last,80,6.931346893310547,0.0,32
D,last,81,6.92913818359375,0.0,32
D,last,82,6.934928894042969,0.0,32
D,last,83,6.93366813659668,0.0,32
D,last,84,6.935951232910156,0.0,32
D,last,85,6.928117752075195,0.0,32
D,last,86,6.932645797729492,0.0,32
D,last,87,6.931534290313721,0.0,32
D,last,88,6.934563636779785,0.0,32
D,last,89,6.9382500648498535,0.03125,32
D,last,90,6.92863130569458,0.0,32
D,last,91,6.930194854736328,0.0,32
D,last,92,6.929164886474609,0.0,32
D,last,93,6.9363603591918945,0.0,32
D,last,94,6.937900066375732,0.0,32
D,last,95,6.9290008544921875,0.0,32
D,last,96,6.928855895996094,0.0,32
D,last,97,6.929797172546387,0.0,32
D,last,98,6.937241077423096,0.0,32
D,last,99,6.932126045227051,0.0,32
D,last,100,6.926929950714111,0.0,32
D,last,101,6.931014060974121,0.0,32
D,last,102,6.938570499420166,0.0,32
D,last,103,6.928467750549316,0.0,32
D,last,104,6.925904750823975,0.0,32
D,last,105,6.929108142852783,0.0,32
D,last,106,6.94266414642334,0.0,32
D,last,107,6.933341026306152,0.0,32
D,last,108,6.920166969299316,0.0,32
D,last,109,6.928534984588623,0.0,32
D,last,110,6.942936897277832,0.0,32
D,last,111,6.933845520019531,0.0,32
D,last,112,6.928964614868164,0.0,32
D,last,113,6.932489395141602,0.0,32
D,last,114,6.929008483886719,0.0,32
D,last,115,6.93845272064209,0.0,32
D,last,116,6.930055618286133,0.0,32
D,last,117,6.933687686920166,0.0,32
D,last,118,6.931212425231934,0.0,32
D,last,119,6.929721832275391,0.0,32
D,last,120,6.929506778717041,0.0,32
D,last,121,6.936185836791992,0.0,32
D,last,122,6.936160087585449,0.0,32
D,last,123,6.935026168823242,0.0,32
D,last,124,6.928500175476074,0.0,32
D,last,125,6.92494010925293,0.0,32
D,last,126,6.929902076721191,0.0,32
D,last,127,6.939762115478516,0.0,32
D,last,128,6.928806781768799,0.0,32
D,last,129,6.931987285614014,0.0,32
D,last,130,6.936455726623535,0.0,32
D,last,131,6.928253650665283,0.0,32
D,last,132,6.930845260620117,0.0,32
D,last,133,6.9355268478393555,0.0,32
D,last,134,6.932271480560303,0.0,32
D,last,135,6.930707931518555,0.0,32
D,last,136,6.926795482635498,0.03125,32
D,last,137,6.935873985290527,0.0,32
D,last,138,6.934990882873535,0.0,32
D,last,139,6.925023555755615,0.0,32
D,last,140,6.933585166931152,0.0,32
D,last,141,6.928956508636475,0.0,32
D,last,142,6.932956218719482,0.0,32
D,last,143,6.932300090789795,0.0,32
D,last,144,6.934579372406006,0.0,32
D,last,145,6.937163352966309,0.0,32
D,last,146,6.938305377960205,0.0,32
D,last,147,6.936981201171875,0.0,32
D,last,148,6.930021286010742,0.0,32
D,last,149,6.930769920349121,0.0,32
D,last,150,6.925834655761719,0.0,32
D,last,151,6.928526401519775,0.0,32
D,last,152,6.930554389953613,0.0,32
D,last,153,6.93315315246582,0.0,32
D,last,154,6.929105758666992,0.0,32
D,last,155,6.932036399841309,0.0,32
D,last,156,6.929324150085449,0.0,32
D,last,157,6.9241623878479,0.0,32
D,last,158,6.930454254150391,0.03125,32
D,last,159,6.930388927459717,0.0,32
D,last,160,6.93010139465332,0.0,32
D,last,161,6.931959629058838,0.0,32
D,last,162,6.92888069152832,0.0,32
D,last,163,6.937997341156006,0.0,32
D,last,164,6.92744779586792,0.0,32
D,last,165,6.929834365844727,0.0,32
D,last,166,6.933399200439453,0.0,32
D,last,167,6.928121566772461,0.0,32
D,last,168,6.926124572753906,0.0,32
D,last,169,6.9247870445251465,0.0,32
D,last,170,6.933016300201416,0.0,32
D,last,171,6.9282941818237305,0.0,32
D,last,172,6.9295806884765625,0.0,32
D,last,173,6.928615570068359,0.0,32
D,last,174,6.935628890991211,0.0,32
D,last,175,6.925949573516846,0.0,32
D,last,176,6.929111480712891,0.0,32
D,last,177,6.942068099975586,0.0,32
D,last,178,6.929226875305176,0.0,32
D,last,179,6.93713903427124,0.0,32
D,last,180,6.932185173034668,0.0,32
D,last,181,6.932261943817139,0.0,32
D,last,182,6.9251909255981445,0.0,32
D,last,183,6.9344587326049805,0.0,32
D,last,184,6.937424659729004,0.0,32
D,last,185,6.930670738220215,0.0,32
D,last,186,6.931756019592285,0.0,32
D,last,187,6.936907768249512,0.0,32
D,last,188,6.931301116943359,0.0,32
D,last,189,6.937142848968506,0.0,32
D,last,190,6.928924560546875,0.0,32
D,last,191,6.931819438934326,0.0,32
D,last,192,6.925042629241943,0.0,32
D,last,193,6.923638343811035,0.0,32
D,last,194,6.927443027496338,0.0,32
D,last,195,6.921794891357422,0.0,32
D,last,196,6.930202484130859,0.0,32
D,last,197,6.9409637451171875,0.0,32
D,last,198,6.93088436126709,0.0,32
D,last,199,6.927870750427246,0.0,32
D,last,200,6.932306289672852,0.0,32
D,last,201,6.9333295822143555,0.0,32
D,last,202,6.933071136474609,0.0,32
D,last,203,6.934091567993164,0.0,32
D,last,204,6.936764717102051,0.0,32
D,last,205,6.930918216705322,0.0,32
D,last,206,6.9331769943237305,0.0,32
D,last,207,6.937131881713867,0.0,32
D,last,208,6.9307966232299805,0.0,32
D,last,209,6.933055877685547,0.0,32
D,last,210,6.93562126159668,0.0,32
D,last,211,6.921526908874512,0.0,32
D,last,212,6.930402755737305,0.03125,32
D,last,213,6.935214519500732,0.0,32
D,last,214,6.927036285400391,0.0,32
D,last,215,6.930527210235596,0.0,32
D,last,216,6.925212860107422,0.0,32
D,last,217,6.934722900390625,0.0,32
D,last,218,6.926586151123047,0.0,32
D,last,219,6.934842109680176,0.0,32
D,last,220,6.931017875671387,0.0,32
D,last,221,6.935572147369385,0.0,32
D,last,222,6.943426132202148,0.0,32
D,last,223,6.926639556884766,0.0,32
D,last,224,6.928167343139648,0.03125,32
D,last,225,6.939180374145508,0.0,32
D,last,226,6.927100658416748,0.0,32
D,last,227,6.936775207519531,0.0,32
D,last,228,6.93454122543335,0.0,32
D,last,229,6.928581237792969,0.03125,32
D,last,230,6.936256408691406,0.0,32
D,last,231,6.9303483963012695,0.0,32
D,last,232,6.932178497314453,0.0,32
D,last,233,6.936057090759277,0.0,32
D,last,234,6.929568767547607,0.0,32
D,last,235,6.929825782775879,0.0,32
D,last,236,6.928216934204102,0.0,32
D,last,237,6.927274227142334,0.0,32
D,last,238,6.929440498352051,0.0,32
D,last,239,6.932730674743652,0.03125,32
D,last,240,6.935934543609619,0.0,32
D,last,241,6.929932594299316,0.0,32
D,last,242,6.928409576416016,0.0,32
D,last,243,6.929450988769531,0.0,32
D,last,244,6.93322229385376,0.0,32
D,last,245,6.925301551818848,0.0,32
D,last,246,6.9338603019714355,0.0,32
D,last,247,6.931599140167236,0.0,32
D,last,248,6.938494682312012,0.0,32
D,last,249,6.929584503173828,0.0,32
D,last,250,6.927645683288574,0.0,32
D,last,251,6.91969108581543,0.0,32
D,last,252,6.928247928619385,0.0,32
D,last,253,6.931458473205566,0.0,32
D,last,254,6.933466911315918,0.0,32
D,last,255,6.925606727600098,0.0,32
